clonotype_id,frequency,proportion,cdr3s_aa,cdr3s_nt
clonotype1,12,0.0293398533007,TRB:CASSQERWNEQYF,TRB:TGCGCCAGCAGCCAAGAACGATGGAACGAGCAGTACTTC
clonotype2,6,0.0146699266504,TRA:CAGPISGSARQLTF;TRB:CASSQGVGQGGQPQHF,TRA:TGTGCAGGGCCCATTTCTGGTTCTGCAAGGCAACTGACCTTT;TRB:TGCGCCAGCAGCCAAGGAGTGGGACAGGGCGGTCAGCCCCAGCATTTT
clonotype4,5,0.0122249388753,TRB:CASSQGVGQGGQPQHF,TRB:TGCGCCAGCAGCCAAGGAGTGGGACAGGGCGGTCAGCCCCAGCATTTT
clonotype3,5,0.0122249388753,TRA:CALSEADSGYALNF;TRB:CASSQEGQGRYGYTF,TRA:TGTGCTCTGAGTGAGGCTGATTCCGGGTATGCACTCAACTTC;TRB:TGCGCCAGCAGCCAAGAGGGGCAGGGGCGCTATGGCTACACCTTC
clonotype6,4,0.00977995110024,TRA:CALFDGATNKLIF;TRB:CASSQERWNEQYF,TRA:TGTGCCTTATTCGACGGTGCTACAAACAAGCTCATCTTT;TRB:TGCGCCAGCAGCCAAGAACGATGGAACGAGCAGTACTTC
clonotype5,4,0.00977995110024,TRA:CAYRSSYSGNTPLVF;TRB:CASSRRLAGGSPVLHRQFF,TRA:TGTGCTTATAGGAGCTCCTATTCAGGAAACACACCTCTTGTCTTT;TRB:TGTGCCAGCAGCCGACGACTAGCGGGGGGGTCCCCCGTACTACATCGGCAGTTCTTC
clonotype9,3,0.00733496332518,TRA:CVVSEAQQAGTALIF;TRB:CASSYGGTGNEQFF,TRA:TGTGTGGTGAGCGAAGCGCAACAGGCAGGAACTGCTCTGATCTTT;TRB:TGTGCCAGCAGTTACGGGGGTACAGGAAATGAGCAGTTCTTC
clonotype8,3,0.00733496332518,TRA:CAYRRNDYKLSF;TRB:CASSATGSYQPQHF,TRA:TGTGCTTATAGGCGTAACGACTACAAGCTCAGCTTT;TRB:TGTGCCAGCAGTGCGACGGGGAGTTATCAGCCCCAGCATTTT
clonotype7,3,0.00733496332518,TRA:CAVIWVGDNYGQNFVF;TRB:CASSEGGPQETQYF,TRA:TGTGCTGTGATTTGGGTCGGGGATAACTATGGTCAGAATTTTGTCTTT;TRB:TGTGCCAGCAGCGAGGGGGGCCCCCAAGAGACCCAGTACTTC
clonotype10,3,0.00733496332518,TRA:CATENSGGSNYKLTF;TRB:CASSLAGTTYEQYF,TRA:TGTGCTACGGAGAATAGTGGAGGTAGCAACTATAAACTGACATTT;TRB:TGCGCCAGCAGCTTGGCAGGCACCACCTACGAGCAGTACTTC
clonotype34,2,0.00488997555012,TRA:CGAVPDNNAGNMLTF;TRB:CASSPYSNQPQHF,TRA:TGTGGAGCAGTTCCTGATAATAATGCAGGCAACATGCTCACCTTT;TRB:TGTGCCAGCAGCCCATATAGCAATCAGCCCCAGCATTTT
clonotype33,2,0.00488997555012,TRA:CAAKGVSMRF;TRA:CAITDSWGKLQF;TRB:CSARHGGGLEETQYF,TRA:TGTGCAGCAAAGGGGGTATCCATGCGCTTT;TRA:TGTGCTATCACTGACAGCTGGGGGAAATTGCAGTTT;TRB:TGCAGTGCTAGACATGGCGGGGGCCTCGAGGAGACCCAGTACTTC
clonotype32,2,0.00488997555012,TRA:CAFGQGAQKLVF;TRB:CASSPEGGLANTGELFF,TRA:TGTGCTTTCGGTCAGGGAGCCCAGAAGCTGGTATTT;TRB:TGTGCCAGCAGCCCCGAGGGGGGGCTGGCGAACACCGGGGAGCTGTTTTTT
clonotype31,2,0.00488997555012,TRB:CASSQGQVVVEAFF,TRB:TGCGCCAGCAGCCAAGGACAGGTAGTGGTTGAAGCTTTCTTT
clonotype30,2,0.00488997555012,TRA:CAYRALNTGFQKLVF;TRB:CASSFSGFATNEKLFF,TRA:TGTGCTTATAGGGCCTTGAACACAGGCTTTCAGAAACTTGTATTT;TRB:TGTGCCAGCAGTTTTTCCGGCTTTGCAACTAATGAAAAACTGTTTTTT
clonotype24,2,0.00488997555012,TRA:CAVGQGGKLIF;TRB:CASGPVGQNTEAFF,TRA:TGTGCTGTGGGGCAGGGAGGAAAGCTTATCTTC;TRB:TGTGCTAGTGGCCCGGTTGGGCAGAACACTGAAGCTTTCTTT
clonotype25,2,0.00488997555012,TRA:CIAPRGGGADGLTF;TRB:CASSQVSRVGSGEAFF,TRA:TGCATCGCCCCACGGGGAGGAGGTGCTGACGGACTCACCTTT;TRB:TGTGCCAGCAGCCAAGTAAGCAGGGTGGGGTCAGGAGAAGCTTTCTTT
clonotype26,2,0.00488997555012,TRA:CALSEDSGSARQLTF;TRB:CASSVGGGTTDTQYF,TRA:TGTGCTCTGAGTGAGGATTCTGGTTCTGCAAGGCAACTGACCTTT;TRB:TGTGCCAGCAGCGTCGGCGGGGGGACCACAGATACGCAGTATTTT
clonotype27,2,0.00488997555012,TRB:CASSLVSAGAPLYNEQFF,TRB:TGTGCCAGCAGCTTAGTATCTGCGGGGGCCCCCCTTTACAATGAGCAGTTCTTC
clonotype20,2,0.00488997555012,TRA:CLVARRRGFGNVLHC;TRB:CAISESLGDSSYEQYF,TRA:TGCCTCGTGGCCCGGAGGCGAGGCTTTGGGAATGTGCTGCATTGC;TRB:TGTGCCATCAGTGAGTCGTTGGGGGACAGCTCCTACGAGCAGTACTTC
clonotype21,2,0.00488997555012,TRB:CASSQEGQGRYGYTF,TRB:TGCGCCAGCAGCCAAGAGGGGCAGGGGCGCTATGGCTACACCTTC
clonotype22,2,0.00488997555012,TRA:CAVRNQGGKLIF;TRB:CASSGGNPTNEKLFF,TRA:TGTGCTGTGCGGAACCAGGGAGGAAAGCTTATCTTC;TRB:TGTGCCAGTAGTGGAGGGAACCCAACTAATGAAAAACTGTTTTTT
clonotype23,2,0.00488997555012,TRA:CVVSDQGDSSYKLIF;TRB:CASSQGYFRGLNQPQHF,TRA:TGTGTTGTGAGTGATCAGGGGGATAGCAGCTATAAATTGATCTTC;TRB:TGTGCCAGCAGCCAAGGCTACTTCCGGGGCCTAAATCAGCCCCAGCATTTT
clonotype28,2,0.00488997555012,TRA:CAANREGQDNARLMF;TRA:CAVDSGGSNYKLTF;TRB:CASSSLGAGEAFF,TRA:TGTGCAGCAAATCGGGAAGGTCAGGACAATGCCAGACTCATGTTT;TRA:TGTGCCGTGGATAGTGGAGGTAGCAACTATAAACTGACATTT;TRB:TGTGCCAGCAGCTCCTTGGGGGCTGGCGAAGCTTTCTTT
clonotype29,2,0.00488997555012,TRB:CASSKTGLDSGTQYF,TRB:TGTGCCAGCAGCAAAACGGGACTAGATTCGGGGACCCAGTACTTC
clonotype19,2,0.00488997555012,TRA:CAYQTSGSRLTF;TRB:CATTRDRGLIEQFF,TRA:TGTGCTTATCAAACCAGTGGCTCTAGGTTGACCTTT;TRB:TGTGCCACTACCCGGGACAGGGGGCTGATTGAGCAGTTCTTC
clonotype18,2,0.00488997555012,TRA:CAFYNYGQNFVF;TRA:CAVIWVGDNYGQNFVF;TRB:CASSEGGPQETQYF,TRA:TGTGCCTTTTATAACTATGGTCAGAATTTTGTCTTT;TRA:TGTGCTGTGATTTGGGTCGGGGATAACTATGGTCAGAATTTTGTCTTT;TRB:TGTGCCAGCAGCGAGGGGGGCCCCCAAGAGACCCAGTACTTC
clonotype11,2,0.00488997555012,TRA:CAFTTSGTYKYIF;TRB:CASSQDLRDEAFF,TRA:TGTGCATTTACTACCTCAGGAACCTACAAATACATCTTT;TRB:TGTGCCAGCAGCCAAGATCTGCGGGATGAAGCTTTCTTT
clonotype13,2,0.00488997555012,TRA:CATDRSSNTGKLIF;TRB:CATSDSGLAGAYNEQFF,TRA:TGTGCTACGGACCGCTCTAGCAACACAGGCAAACTAATCTTT;TRB:TGTGCCACCAGTGACTCCGGACTAGCGGGGGCCTACAATGAGCAGTTCTTC
clonotype12,2,0.00488997555012,TRA:CAVRGLTDKLIF;TRB:CSAGGLAGVGVGNEQFF,TRA:TGTGCTGTGAGAGGCCTCACCGACAAGCTCATCTTT;TRB:TGCAGTGCCGGGGGACTAGCGGGAGTCGGGGTGGGAAATGAGCAGTTCTTC
clonotype15,2,0.00488997555012,TRA:CALERGYSTLTF;TRA:CVASNTGFQKLVF;TRB:CASVATSGANVLTF,TRA:TGTGCTCTAGAGAGGGGATACAGCACCCTCACCTTT;TRA:TGTGTGGCTTCGAACACAGGCTTTCAGAAACTTGTATTT;TRB:TGTGCCAGCGTGGCGACCTCTGGGGCCAACGTCCTGACTTTC
clonotype14,2,0.00488997555012,TRB:CASSQVGLIAAGDYQPQHF,TRB:TGTGCCAGCAGCCAAGTAGGCCTAATCGCGGCAGGGGATTATCAGCCCCAGCATTTT
clonotype17,2,0.00488997555012,TRA:CAGARETSNTGKLIF;TRB:CASSLMGGNYSPLHF,TRA:TGTGCAGGAGCTCGGGAAACTAGCAACACAGGCAAACTAATCTTT;TRB:TGCGCCAGCAGCTTGATGGGGGGAAATTATTCACCCCTCCACTTT
clonotype16,2,0.00488997555012,TRA:CALNAGNNRKLIW;TRB:CASSAGRNNSPLHF,TRA:TGTGCCCTCAATGCTGGCAACAACCGTAAGCTGATTTGG;TRB:TGTGCCAGCAGCGCGGGACGGAATAATTCACCCCTCCACTTT
clonotype139,1,0.00244498777506,TRA:CAVGGGNRDDKIIF;TRB:CASSQGVGQGGQPQHF;TRB:CASSQGGTDTQYF,TRA:TGTGCTGTGGGTGGGGGGAACAGAGATGACAAGATCATCTTT;TRB:TGCGCCAGCAGCCAAGGAGTGGGACAGGGCGGTCAGCCCCAGCATTTT;TRB:TGCGCCAGCAGCCAAGGTGGCACAGATACGCAGTATTTT
clonotype138,1,0.00244498777506,TRA:CATAINNAGNMLTF;TRB:CASSLTSATDTQYF,TRA:TGTGCTACGGCCATTAATAATGCAGGCAACATGCTCACCTTT;TRB:TGTGCCAGCAGCTTAACTAGCGCCACAGATACGCAGTATTTT
clonotype137,1,0.00244498777506,TRA:CILLSGTYKYIF;TRB:CASSLLVSRGQDEQYF,TRA:TGCATCCTTCTCTCAGGAACCTACAAATACATCTTT;TRB:TGTGCCAGCAGCTTGCTTGTTTCCCGGGGCCAAGACGAGCAGTACTTC
clonotype136,1,0.00244498777506,TRA:CALNSGGSNYKLTF;TRB:CAILAPQVGELFF,TRA:TGTGCTCTGAATAGTGGAGGTAGCAACTATAAACTGACATTT;TRB:TGTGCCATCCTGGCCCCACAAGTCGGGGAGCTGTTTTTT
clonotype135,1,0.00244498777506,TRA:CAVKEPSSASKIIF;TRB:CASSPMRGQGVSEQYF,TRA:TGTGCCGTGAAAGAGCCCAGCAGTGCTTCCAAGATAATCTTT;TRB:TGTGCCAGCAGCCCGATGAGGGGTCAGGGGGTCTCCGAGCAGTACTTC
clonotype134,1,0.00244498777506,TRA:CAANRNTNAGKSTF;TRB:CASSQGVGQGGQPQHF;TRB:CASSSAGTATLNYGYTF,TRA:TGTGCAGCAAACCGTAACACCAATGCAGGCAAATCAACCTTT;TRB:TGCGCCAGCAGCCAAGGAGTGGGACAGGGCGGTCAGCCCCAGCATTTT;TRB:TGTGCCAGCAGTTCCGCCGGGACGGCGACCCTTAACTATGGCTACACCTTC
clonotype133,1,0.00244498777506,TRA:CAVTPRGGGADGLTF;TRB:CATSDIKGSNTEAFF;TRB:CASSVGGGAAETQYF,TRA:TGTGCCGTGACGCCGCGAGGAGGAGGTGCTGACGGACTCACCTTT;TRB:TGTGCCACCAGTGATATCAAAGGATCGAACACTGAAGCTTTCTTT;TRB:TGTGCCAGCAGCGTAGGTGGGGGGGCGGCGGAGACCCAGTACTTC
clonotype132,1,0.00244498777506,TRA:CALSEEGTSGSRLTF;TRB:CASSLAGSYNEQFF,TRA:TGTGCTCTGAGTGAGGAAGGAACCAGTGGCTCTAGGTTGACCTTT;TRB:TGTGCCAGCAGCTTGGCAGGGTCCTACAATGAGCAGTTCTTC
clonotype131,1,0.00244498777506,TRB:CASSYSVSGTTGLAGYTF,TRB:TGTGCCAGCAGTTACTCGGTGTCAGGGACCACGGGGCTGGCTGGCTACACCTTC
clonotype130,1,0.00244498777506,TRA:CAMSEGTDKLIF;TRB:CASSSGAYEQYF;TRB:CASSFRGIMNTEAFF,TRA:TGTGCAATGAGCGAGGGCACCGACAAGCTCATCTTT;TRB:TGTGCCAGCAGCTCGGGGGCCTACGAGCAGTACTTC;TRB:TGTGCCAGCAGCTTCCGGGGAATCATGAACACTGAAGCTTTCTTT
clonotype42,1,0.00244498777506,TRA:CVFNTNAGKSTF;TRB:CASRATGLPGNTIYF,TRA:TGTGTCTTCAACACCAATGCAGGCAAATCAACCTTT;TRB:TGTGCCAGCAGAGCCACAGGGCTCCCTGGAAACACCATATATTTT
clonotype43,1,0.00244498777506,TRA:CATDATGATNKLIF;TRB:CASSKGTGGRDGYTF,TRA:TGTGCTACGGACGCGACAGGTGCTACAAACAAGCTCATCTTT;TRB:TGTGCCAGCAGTAAAGGGACAGGGGGTCGGGATGGCTACACCTTC
clonotype40,1,0.00244498777506,TRB:CASSPYSNQPQHF;TRB:CASSKTGAYEQYF,TRB:TGTGCCAGCAGCCCATATAGCAATCAGCCCCAGCATTTT;TRB:TGTGCCAGCTCGAAGACGGGGGCCTACGAGCAGTACTTC
clonotype41,1,0.00244498777506,TRB:CASSSSGQPQHF,TRB:TGTGCCAGCAGCTCATCAGGGCAGCCCCAGCATTTT
clonotype46,1,0.00244498777506,TRA:CVVQNLNYGQNFVF;TRB:CASSYARTGGFYEQYF,TRA:TGTGTGGTGCAAAACCTTAACTATGGTCAGAATTTTGTCTTT;TRB:TGTGCCAGCAGTTACGCCAGGACAGGGGGCTTCTACGAGCAGTACTTC
clonotype47,1,0.00244498777506,TRB:CAISEPGQPEETQYF,TRB:TGTGCCATCAGTGAACCCGGACAGCCGGAGGAGACCCAGTACTTC
clonotype44,1,0.00244498777506,TRA:CAVSDPGGATNKLIF;TRB:CASSFTSGVLSSADTQYF,TRA:TGTGCTGTGAGTGATCCAGGTGGTGCTACAAACAAGCTCATCTTT;TRB:TGTGCCAGCAGCTTCACTAGCGGGGTCCTCTCTTCGGCAGATACGCAGTATTTT
clonotype45,1,0.00244498777506,TRA:CAVRASGAGSYQLTF;TRB:CASSQDPPGQINYGYTF,TRA:TGTGCTGTGAGGGCCTCTGGGGCTGGGAGTTACCAACTCACTTTC;TRB:TGTGCCAGCAGCCAAGATCCTCCGGGACAGATTAACTATGGCTACACCTTC
clonotype48,1,0.00244498777506,TRB:CASSLAGGYEQYF,TRB:TGCGCCAGCAGCTTGGCCGGGGGGTACGAGCAGTACTTC
clonotype49,1,0.00244498777506,TRA:CAVQRDYNQGGKLIF;TRB:CASSLGGAGTEAFF,TRA:TGTGCTGTGCAAAGAGATTATAACCAGGGAGGAAAGCTTATCTTC;TRB:TGTGCCAGCAGTTTAGGAGGGGCGGGAACTGAAGCTTTCTTT
clonotype229,1,0.00244498777506,TRA:CALEGGGADGLTF;TRA:CAVSDWFQGGKLIF;TRB:CASSFDAREGTIYF,TRA:TGTGCCTTGGAGGGAGGAGGTGCTGACGGACTCACCTTT;TRA:TGTGCTGTGAGTGATTGGTTCCAGGGAGGAAAGCTTATCTTC;TRB:TGTGCCAGCAGCTTTGATGCAAGGGAAGGCACCATATATTTT
clonotype228,1,0.00244498777506,TRA:CILNGQAGTALIF;TRB:CASSERRPHGAFF,TRA:TGCATCCTGAATGGACAGGCAGGAACTGCTCTGATCTTT;TRB:TGTGCCAGCAGTGAACGGCGGCCCCATGGAGCTTTCTTT
clonotype223,1,0.00244498777506,TRA:CAFMKSRASGTYKYIF;TRB:CASKTGVNTEAFF,TRA:TGTGCTTTCATGAAATCCCGGGCCTCAGGAACCTACAAATACATCTTT;TRB:TGTGCCAGCAAAACAGGGGTGAACACTGAAGCTTTCTTT
clonotype227,1,0.00244498777506,TRA:CALSDPGYSTLTF;TRA:CAGLRREGDDKIIF;TRB:CSASGGVRSETQYF,TRA:TGTGCTCTGAGTGATCCAGGATACAGCACCCTCACCTTT;TRA:TGTGCTGGGCTCAGGAGGGAAGGGGATGACAAGATCATCTTT;TRB:TGCAGTGCTTCAGGGGGAGTAAGATCAGAGACCCAGTACTTC
clonotype226,1,0.00244498777506,TRB:CASSSMITDTQYF,TRB:TGTGCCAGCAGCTCTATGATCACAGATACGCAGTATTTT
clonotype225,1,0.00244498777506,TRA:CAVNNPSGYALNF;TRB:CASSPGNPHEQYF,TRA:TGTGCCGTGAACAACCCGTCCGGGTATGCACTCAACTTC;TRB:TGTGCCAGCAGTCCCGGGAATCCACACGAGCAGTACTTC
clonotype224,1,0.00244498777506,TRA:CAMSATSGTYKYIF;TRB:CASSDGLAGGEDTQYF,TRA:TGTGCAATGAGCGCGACCTCAGGAACCTACAAATACATCTTT;TRB:TGTGCCAGCAGTGATGGACTAGCGGGGGGAGAGGATACGCAGTATTTT
clonotype249,1,0.00244498777506,TRA:CALSGENTGFQKLVF;TRB:CASSELGGANVLTF,TRA:TGTGCTCTGAGTGGGGAGAACACAGGCTTTCAGAAACTTGTATTT;TRB:TGTGCCAGCAGTGAATTAGGTGGAGCCAACGTCCTGACTTTC
clonotype323,1,0.00244498777506,TRA:CAGRSGFYF;TRB:CASRIIRRGMGSTEAFF,TRA:TGTGCAGGGCGGTCTGGATTTTACTTT;TRB:TGTGCCAGCAGAATCATCCGGAGAGGAATGGGTAGTACTGAAGCTTTCTTT
clonotype298,1,0.00244498777506,TRA:CAAPDLTGANNLFF;TRB:CASSFLGGGENEQFF,TRA:TGTGCAGCCCCGGATCTAACTGGGGCAAACAACCTCTTCTTT;TRB:TGTGCCAGCAGTTTCCTAGGGGGGGGGGAGAATGAGCAGTTCTTC
clonotype299,1,0.00244498777506,TRB:CATGLSVGIQYF,TRB:TGTGCCACAGGACTAAGTGTGGGCATTCAGTACTTC
clonotype296,1,0.00244498777506,TRB:CASSWDQLGNTIYF,TRB:TGCGCCAGCAGCTGGGACCAGCTTGGAAACACCATATATTTT
clonotype297,1,0.00244498777506,TRA:CAGPRTTDSWGKLQF,TRA:TGTGCAGGGCCGCGAACAACTGACAGCTGGGGGAAATTGCAGTTT
clonotype294,1,0.00244498777506,TRA:CAVDHNTNAGKSTF;TRB:CASSLVAGTGFGYTF,TRA:TGTGCTGTGGATCATAACACCAATGCAGGCAAATCAACCTTT;TRB:TGCGCCAGCAGCTTAGTAGCCGGGACAGGGTTTGGCTACACCTTC
clonotype295,1,0.00244498777506,TRA:CILSPYSGGGADGLTF;TRB:CASSLTRMSGYTF,TRA:TGCATCCTGAGTCCTTATTCAGGAGGAGGTGCTGACGGACTCACCTTT;TRB:TGTGCCAGCAGCTTAACTAGGATGAGTGGCTACACCTTC
clonotype292,1,0.00244498777506,TRA:CALSEATRDGQNFVF;TRB:CASSVWTEDSNQPQHF,TRA:TGTGCTCTGAGTGAGGCTACAAGGGATGGTCAGAATTTTGTCTTT;TRB:TGTGCCAGCAGTGTTTGGACAGAAGATAGCAATCAGCCCCAGCATTTT
clonotype293,1,0.00244498777506,TRB:CASSILPGGNSPLHF,TRB:TGTGCCAGTAGTATTCTACCCGGGGGGAATTCACCCCTCCACTTT
clonotype290,1,0.00244498777506,TRA:CAASPFSGNTPLVF;TRB:CASSYGSIYLEGYGYTF,TRA:TGTGCAGCAAGCCCCTTTTCAGGAAACACACCTCTTGTCTTT;TRB:TGTGCCAGCAGTTACGGCTCTATTTATCTGGAGGGCTATGGCTACACCTTC
clonotype291,1,0.00244498777506,TRA:CAVNKGGTYKYIF;TRB:CSVSTGGNTEAFF,TRA:TGTGCCGTGAACAAGGGAGGAACCTACAAATACATCTTT;TRB:TGCAGCGTATCGACAGGGGGAAACACTGAAGCTTTCTTT
clonotype328,1,0.00244498777506,TRA:CVPSNDYKLSF;TRB:CASSQESSNSGNTIYF,TRA:TGTGTTCCATCTAACGACTACAAGCTCAGCTTT;TRB:TGCGCCAGCAGCCAAGAGTCGTCAAACTCTGGAAACACCATATATTTT
clonotype242,1,0.00244498777506,TRA:CAVEDSNYQLIW,TRA:TGTGCTGTGGAAGATAGCAACTATCAGTTAATCTGG
clonotype173,1,0.00244498777506,TRA:CAVSSNTGGFKTIF;TRB:CSAWPHTGELFF,TRA:TGTGCTGTGAGTTCAAATACTGGAGGCTTCAAAACTATCTTT;TRB:TGCAGTGCCTGGCCTCACACCGGGGAGCTGTTTTTT
clonotype172,1,0.00244498777506,TRA:CAVNAVNNAGNMLTF;TRB:CASSYSGGSQETQYF,TRA:TGTGCCGTGAATGCAGTCAATAATGCAGGCAACATGCTCACCTTT;TRB:TGTGCCAGCAGTTATTCCGGGGGATCCCAAGAGACCCAGTACTTC
clonotype171,1,0.00244498777506,TRA:CILSPTPNAGNNRKLIW;TRB:CASGQPNQPQHF,TRA:TGCATCCTGAGCCCCACCCCTAATGCTGGCAACAACCGTAAGCTGATTTGG;TRB:TGTGCCAGTGGGCAACCCAATCAGCCCCAGCATTTT
clonotype170,1,0.00244498777506,TRA:CAPGNAGNMLTF;TRB:CSARFIGTVNTEAFF,TRA:TGTGCCCCGGGGAATGCAGGCAACATGCTCACCTTT;TRB:TGCAGTGCTCGTTTCATAGGGACGGTGAACACTGAAGCTTTCTTT
clonotype177,1,0.00244498777506,TRB:CASSQEGLAGRTDTQYF,TRB:TGCGCCAGCAGCCAGGAAGGACTAGCGGGGCGCACAGATACGCAGTATTTT
clonotype176,1,0.00244498777506,TRB:CASSYEEAGAFNNEQFF,TRB:TGTGCCAGCAGTTACGAGGAAGCGGGGGCCTTCAACAATGAGCAGTTCTTC
clonotype175,1,0.00244498777506,TRA:CAFMTPARGAQKLVF,TRA:TGTGCTTTCATGACCCCTGCCCGGGGAGCCCAGAAGCTGGTATTT
clonotype174,1,0.00244498777506,TRA:CAARNYGQNFVF;TRB:CASAPSSGGVNEQFF,TRA:TGTGCAGCAAGGAACTATGGTCAGAATTTTGTCTTT;TRB:TGTGCCTCAGCTCCCTCTAGCGGGGGAGTAAATGAGCAGTTCTTC
clonotype179,1,0.00244498777506,TRA:CAVKTGKLIF;TRB:CSATVDNYGYTF,TRA:TGTGCCGTGAAAACAGGCAAACTAATCTTT;TRB:TGCAGTGCTACAGTCGATAACTATGGCTACACCTTC
clonotype178,1,0.00244498777506,TRB:CASTEAGGASSYNEQFF,TRB:TGTGCCAGCACCGAAGCGGGGGGCGCCAGCTCCTACAATGAGCAGTTCTTC
clonotype91,1,0.00244498777506,TRA:CVADNNNDMRF;TRB:CASSLGPNQPQHF,TRA:TGTGTGGCCGATAATAACAATGACATGCGCTTT;TRB:TGCGCCAGCAGCCTTGGGCCCAATCAGCCCCAGCATTTT
clonotype90,1,0.00244498777506,TRB:CASSLGGAEAFF,TRB:TGCGCCAGCAGCTTGGGAGGAGCTGAAGCTTTCTTT
clonotype93,1,0.00244498777506,TRB:CASLSGYMVNTGELFF,TRB:TGCGCCAGCCTATCCGGTTATATGGTGAACACCGGGGAGCTGTTTTTT
clonotype92,1,0.00244498777506,TRA:CAVRDAYSGAGSYQLTF;TRB:CASTRQGSVSDTQYF,TRA:TGTGCTGTGAGAGATGCATACTCTGGGGCTGGGAGTTACCAACTCACTTTC;TRB:TGTGCCAGCACCCGACAGGGGTCGGTCTCAGATACGCAGTATTTT
clonotype95,1,0.00244498777506,TRA:CILRDGETSGSRLTF;TRB:CATGDRRYNSPLHF,TRA:TGCATCCTGAGAGACGGAGAAACCAGTGGCTCTAGGTTGACCTTT;TRB:TGTGCCACCGGGGACAGGAGGTATAATTCACCCCTCCACTTT
clonotype94,1,0.00244498777506,TRA:CASMDSNYQLIW;TRB:CSARDGDTKESQHF,TRA:TGTGCCTCAATGGATAGCAACTATCAGTTAATCTGG;TRB:TGCAGTGCTAGAGATGGGGACACCAAGGAGTCCCAGCATTTT
clonotype97,1,0.00244498777506,TRB:CASSLKQGNIGPEAFF,TRB:TGTGCCAGCAGCTTGAAACAGGGGAATATCGGCCCTGAAGCTTTCTTT
clonotype96,1,0.00244498777506,TRA:CGLYGQNFVF;TRB:CASSLSSREDGYTF,TRA:TGTGGCCTCTATGGTCAGAATTTTGTCTTT;TRB:TGTGCCAGCAGCTTATCATCGAGGGAGGATGGCTACACCTTC
clonotype99,1,0.00244498777506,TRA:CAVNVDNARLMF;TRB:CASSFRGTDANYGYTF,TRA:TGTGCTGTGAACGTGGACAATGCCAGACTCATGTTT;TRB:TGTGCCAGCAGCTTCAGGGGAACGGACGCTAACTATGGCTACACCTTC
clonotype98,1,0.00244498777506,TRA:CAATHGANAGGTSYGKLTF,TRA:TGTGCAGCAACCCACGGGGCTAATGCTGGTGGTACTAGCTATGGAAAGCTGACATTT
clonotype79,1,0.00244498777506,TRA:CAVRKTGNTPLVF;TRB:CASSSDSSGAYEQYF,TRA:TGTGCTGTGAGGAAGACAGGAAACACACCTCTTGTCTTT;TRB:TGTGCCAGCAGCTCTGACTCTAGCGGTGCCTACGAGCAGTACTTC
clonotype78,1,0.00244498777506,TRA:CAMRGRTGGFKTIF;TRB:CASSLGQSSHEKLFF,TRA:TGTGCAATGAGAGGAAGGACTGGAGGCTTCAAAACTATCTTT;TRB:TGTGCCAGCAGTCTCGGACAGTCCTCTCATGAAAAACTGTTTTTT
clonotype73,1,0.00244498777506,TRB:CASSLGVGGTEETQYF,TRB:TGTGCCAGCAGCTTAGGAGTTGGCGGGACGGAAGAGACCCAGTACTTC
clonotype72,1,0.00244498777506,TRB:CASSSGGNEQFF,TRB:TGTGCCAGCAGTAGCGGGGGGAATGAGCAGTTCTTC
clonotype71,1,0.00244498777506,TRA:CASASSDSNYQLIW;TRB:CASSAWRGETQYF,TRA:TGTGCCTCCGCCTCTTCGGATAGCAACTATCAGTTAATCTGG;TRB:TGTGCCAGCTCCGCTTGGCGGGGTGAGACCCAGTACTTC
clonotype70,1,0.00244498777506,TRA:CAVQNFSGTYKYIF;TRB:CATRGSADYGYTF,TRA:TGTGCTGTGCAGAATTTCTCAGGAACCTACAAATACATCTTT;TRB:TGTGCCACCAGGGGGTCGGCGGACTATGGCTACACCTTC
clonotype77,1,0.00244498777506,TRA:CVVNEAETGANNLFF;TRB:CAISKTGGPYEQYF,TRA:TGTGTGGTGAACGAGGCCGAAACTGGGGCAAACAACCTCTTCTTT;TRB:TGTGCCATCAGTAAAACAGGGGGCCCCTACGAGCAGTACTTC
clonotype76,1,0.00244498777506,TRA:CAARAAAGYQKVTF;TRB:CASSEGWPYTGELFF,TRA:TGTGCAGCAAGGGCGGCAGCAGGTTACCAGAAAGTTACCTTT;TRB:TGTGCCAGCAGTGAAGGGTGGCCCTACACCGGGGAGCTGTTTTTT
clonotype75,1,0.00244498777506,TRA:CAGPVTNSGGSNYKLTF;TRB:CASSYSQTGTSGTGELFF,TRA:TGTGCAGGTCCCGTTACTAATAGTGGAGGTAGCAACTATAAACTGACATTT;TRB:TGTGCCAGCAGTTACTCGCAAACAGGGACTAGCGGAACCGGGGAGCTGTTTTTT
clonotype74,1,0.00244498777506,TRA:CAGLRTPTTGANSKLTF;TRB:CASSQGGTDTQYF,TRA:TGTGCTGGGCTTAGAACACCTACAACTGGAGCCAATAGTAAGCTGACATTT;TRB:TGCGCCAGCAGCCAAGGTGGCACAGATACGCAGTATTTT
clonotype319,1,0.00244498777506,TRA:CATATSGGSEKLVF;TRA:CAYRSALADKLIF;TRB:CASSVGQSWGYTF,TRA:TGTGCTACGGCGACGAGCGGCGGATCTGAAAAGCTGGTCTTT;TRA:TGTGCTTATAGGAGCGCGTTGGCCGACAAGCTCATCTTT;TRB:TGTGCCAGCAGCGTAGGACAGAGCTGGGGCTACACCTTC
clonotype318,1,0.00244498777506,TRA:CAGRHNTDKLIF;TRB:CASSQRTGWKVETQYF;TRB:CASSIVPLNQPQHF,TRA:TGTGCAGGACGTCATAACACCGACAAGCTCATCTTT;TRB:TGTGCCAGCAGCCAGCGAACGGGGTGGAAAGTCGAGACCCAGTACTTC;TRB:TGTGCCAGTAGTATAGTCCCTCTCAATCAGCCCCAGCATTTT
clonotype313,1,0.00244498777506,TRA:CAVSDDRNAGNMLTF;TRB:CASSLGSTIETQYF,TRA:TGTGCTGTGAGTGATGATAGGAATGCAGGCAACATGCTCACCTTT;TRB:TGTGCCAGCAGCTTAGGTAGCACAATAGAGACCCAGTACTTC
clonotype312,1,0.00244498777506,TRA:CAVDKSGYALNF;TRB:CASSEGPAGGQDTQYF,TRA:TGTGCCGTGGACAAATCCGGGTATGCACTCAACTTC;TRB:TGTGCCAGCAGTGAAGGCCCAGCGGGGGGACAAGATACGCAGTATTTT
clonotype311,1,0.00244498777506,TRA:CVVIGNTGFQKLVF;TRB:CASSYSGVGQEQFF,TRA:TGTGTGGTGATCGGCAACACAGGCTTTCAGAAACTTGTATTT;TRB:TGTGCCAGCAGTTACTCGGGGGTCGGACAGGAGCAGTTCTTC
clonotype310,1,0.00244498777506,TRB:CASNGRTGRAEAFF,TRB:TGTGCCAGCAACGGGCGTACTGGACGCGCTGAAGCTTTCTTT
clonotype317,1,0.00244498777506,TRA:CAFTNDRGSTLGRLYF;TRB:CASTPLGTGRDSPLHF,TRA:TGTGCCTTCACGAACGACAGAGGCTCAACCCTGGGGAGGCTATACTTT;TRB:TGTGCCAGCACCCCCCTAGGGACAGGAAGAGATTCACCCCTCCACTTT
clonotype316,1,0.00244498777506,TRA:CAGRGNAGNNRKLIW;TRB:CASSIDDGVFYGYTF,TRA:TGTGCTGGCCGGGGTAATGCTGGCAACAACCGTAAGCTGATTTGG;TRB:TGTGCCAGCAGTATAGACGACGGGGTGTTCTATGGCTACACCTTC
clonotype315,1,0.00244498777506,TRA:CAFTAQNNNARLMF;TRB:CAIRLARYNEQFF,TRA:TGTGCTTTCACAGCCCAGAATAACAATGCCAGACTCATGTTT;TRB:TGTGCCATCAGACTAGCGCGGTACAATGAGCAGTTCTTC
clonotype314,1,0.00244498777506,TRA:CAGQRGATNKLIF;TRB:CSAMYRGVPNSPLHF,TRA:TGTGCAGGGCAGCGCGGTGCTACAAACAAGCTCATCTTT;TRB:TGCAGTGCTATGTACCGGGGGGTCCCTAATTCACCCCTCCACTTT
clonotype252,1,0.00244498777506,TRA:CVVTGYNNNDMRF;TRB:CASSPDPTPYNEQFF,TRA:TGTGTGGTGACCGGATACAATAACAATGACATGCGCTTT;TRB:TGTGCCAGCAGCCCGGACCCTACTCCCTACAATGAGCAGTTCTTC
clonotype253,1,0.00244498777506,TRA:CALRTYLHQGAQKLVF;TRB:CASSQQGFRPSSYEQYF,TRA:TGTGCTCTGAGAACCTACCTGCATCAGGGAGCCCAGAAGCTGGTATTT;TRB:TGCGCCAGCAGTCAGCAGGGTTTCCGTCCGAGCTCCTACGAGCAGTACTTC
clonotype250,1,0.00244498777506,TRB:CASSVGPGRDTDTQYF,TRB:TGTGCCAGCAGTGTAGGCCCCGGGAGAGACACAGATACGCAGTATTTT
clonotype251,1,0.00244498777506,TRA:CAAGSTDSWGKLQF;TRA:CVVRNTDKLIF;TRB:CASISWGQPLVEQYF,TRA:TGTGCTGCGGGTTCAACTGACAGCTGGGGGAAATTGCAGTTT;TRA:TGTGTGGTCCGAAACACCGACAAGCTCATCTTT;TRB:TGTGCCAGCATCTCGTGGGGGCAGCCCTTAGTCGAGCAGTACTTC
clonotype256,1,0.00244498777506,TRA:CAVNARGDNARLMF;TRB:CSAAASGSGNTIYF,TRA:TGTGCCGTGAATGCAAGAGGGGACAATGCCAGACTCATGTTT;TRB:TGCAGTGCCGCTGCGTCCGGCTCTGGAAACACCATATATTTT
clonotype257,1,0.00244498777506,TRA:CARDAGGTSYGKLTF,TRA:TGTGCAAGGGACGCTGGTGGTACTAGCTATGGAAAGCTGACATTT
clonotype254,1,0.00244498777506,TRA:CAMSGGFKTIF;TRB:CASSQDRGPEQETQYF,TRA:TGTGCAATGTCTGGAGGCTTCAAAACTATCTTT;TRB:TGTGCCAGCAGCCAAGATCGGGGGCCCGAACAAGAGACCCAGTACTTC
clonotype255,1,0.00244498777506,TRB:CASTLVDQEQYF,TRB:TGTGCCAGCACCCTTGTGGACCAGGAGCAGTACTTC
clonotype258,1,0.00244498777506,TRA:CAVRLSSNTGKLIF;TRB:CASKFAASYEQYF,TRA:TGTGCTGTCAGACTCTCTAGCAACACAGGCAAACTAATCTTT;TRB:TGTGCCAGTAAGTTCGCAGCCTCCTACGAGCAGTACTTC
clonotype259,1,0.00244498777506,TRB:CASSLLSGTNEKLFF,TRB:TGTGCCAGCAGCTTACTGTCAGGGACTAATGAAAAACTGTTTTTT
clonotype108,1,0.00244498777506,TRA:CAGDYTGANSKLTF;TRA:CAYRTPPSGGGADGLTF;TRB:CASSPGGAKRYF,TRA:TGTGCTGGAGATTATACTGGAGCCAATAGTAAGCTGACATTT;TRA:TGTGCTTATAGGACCCCACCTTCAGGAGGAGGTGCTGACGGACTCACCTTT;TRB:TGTGCCAGTAGTCCGGGGGGGGCCAAGAGGTACTTC
clonotype109,1,0.00244498777506,TRA:CAALSDGQKLLF;TRB:CASKPGPLTTEAFF,TRA:TGTGCAGCACTTTCAGATGGCCAGAAGCTGCTCTTT;TRB:TGTGCCAGTAAACCTGGACCCCTGACCACTGAAGCTTTCTTT
clonotype102,1,0.00244498777506,TRA:CALRRWTGRRALTF;TRB:CATRTANTGELFF,TRA:TGTGCTCTAAGAAGGTGGACGGGCAGGAGAGCACTTACTTTT;TRB:TGTGCCACTAGGACAGCGAACACCGGGGAGCTGTTTTTT
clonotype103,1,0.00244498777506,TRA:CGTEENWGNTPLVF;TRB:CAWTDGNSGNTIYF,TRA:TGCGGCACAGAGGAGAATTGGGGAAACACACCTCTTGTCTTT;TRB:TGTGCCTGGACCGACGGAAACTCTGGAAACACCATATATTTT
clonotype100,1,0.00244498777506,TRB:CASSYFRSGQGPGNTIYF,TRB:TGTGCCAGCAGTTACTTTCGATCGGGACAGGGACCTGGAAACACCATATATTTT
clonotype101,1,0.00244498777506,TRA:CAFDGIGPGNQFYF;TRB:CASSLSTGYHEAFF,TRA:TGTGCTTTTGACGGAATTGGTCCCGGTAACCAGTTCTATTTT;TRB:TGCGCCAGCAGCTTATCAACAGGGTACCATGAAGCTTTCTTT
clonotype106,1,0.00244498777506,TRA:CAMREGEGGTASKLTF;TRB:CASTTGGPYGYTF,TRA:TGTGCAATGAGAGAGGGCGAGGGCGGCACTGCCAGTAAACTCACCTTT;TRB:TGTGCCAGCACGACAGGGGGCCCTTATGGCTACACCTTC
clonotype107,1,0.00244498777506,TRA:CAVSDDKYSGGGADGLTF;TRB:CASSPGGAKWYTDTQYF,TRA:TGTGCTGTGAGTGACGATAAATATTCAGGAGGAGGTGCTGACGGACTCACCTTT;TRB:TGTGCCAGCAGCCCGGGAGGGGCTAAGTGGTACACAGATACGCAGTATTTT
clonotype104,1,0.00244498777506,TRA:CAVRETGTYKYIF;TRB:CASGQGDRPYNEQFF,TRA:TGTGCTGTGAGAGAAACAGGAACCTACAAATACATCTTT;TRB:TGTGCCAGCGGGCAGGGGGACAGACCTTACAATGAGCAGTTCTTC
clonotype105,1,0.00244498777506,TRB:CASSLTRMSGYTF,TRB:TGTGCCAGCAGCTTAACTAGGATGAGTGGCTACACCTTC
clonotype37,1,0.00244498777506,TRB:CASSKTGVDTEAFF,TRB:TGTGCCAGTAGTAAGACAGGGGTCGACACTGAAGCTTTCTTT
clonotype36,1,0.00244498777506,TRA:CAGINYGGSQGNLIF,TRA:TGTGCTGGGATTAATTATGGAGGAAGCCAAGGAAATCTCATCTTT
clonotype35,1,0.00244498777506,TRA:CAVPGDKVIF;TRB:CSASPSWTGASIPYGYTF,TRA:TGTGCTGTTCCAGGGGACAAGGTGATATTT;TRB:TGCAGTGCAAGCCCCTCCTGGACAGGGGCATCTATTCCTTATGGCTACACCTTC
clonotype39,1,0.00244498777506,TRA:CATDANNARLMF;TRB:CASRVDTYGYTF,TRA:TGTGCTACGGACGCCAACAATGCCAGACTCATGTTT;TRB:TGTGCCAGCAGGGTCGACACATATGGCTACACCTTC
clonotype38,1,0.00244498777506,TRA:CALGRGNEKLTF;TRA:CALSEEGTYKYIF;TRB:CASSVGAGGTIPYNEQFF;TRB:CASSTDRNYGYTF,TRA:TGTGCTCTCGGTCGGGGAAATGAGAAATTAACCTTT;TRA:TGTGCTCTGAGTGAGGAAGGAACCTACAAATACATCTTT;TRB:TGTGCCAGCAGCGTGGGAGCGGGGGGGACAATCCCTTACAATGAGCAGTTCTTC;TRB:TGTGCCAGCAGTACGGACAGGAACTATGGCTACACCTTC
clonotype216,1,0.00244498777506,TRB:CASRLAGGNEQFF,TRB:TGTGCCAGCAGACTAGCGGGGGGGAATGAGCAGTTCTTC
clonotype217,1,0.00244498777506,TRA:CVVSGGGGADGLTF;TRB:CASSTSGTGVALAKNIQYF,TRA:TGTGTGGTGAGCGGTGGAGGAGGTGCTGACGGACTCACCTTT;TRB:TGTGCCAGCAGTACATCCGGGACAGGGGTTGCCCTAGCCAAAAACATTCAGTACTTC
clonotype214,1,0.00244498777506,TRA:CAVSTGTYKYIF;TRB:CATSRDFQGTGNTIYF,TRA:TGTGCTGTGTCAACAGGAACCTACAAATACATCTTT;TRB:TGTGCCACCAGCAGAGATTTTCAGGGAACTGGAAACACCATATATTTT
clonotype215,1,0.00244498777506,TRA:CVVSAPYNNNDMRF;TRB:CATSSLNSPGEQFF,TRA:TGTGTGGTGAGCGCTCCGTACAATAACAATGACATGCGCTTT;TRB:TGTGCCACCAGCAGTCTGAACAGCCCGGGTGAGCAGTTCTTC
clonotype212,1,0.00244498777506,TRB:CASSIGADAVDTQYF,TRB:TGTGCCAGTAGTATAGGGGCAGATGCGGTAGATACGCAGTATTTT
clonotype213,1,0.00244498777506,TRA:CILGYYNTDKLIF;TRB:CASSFRGVLNTEAFF,TRA:TGCATCCTGGGGTATTATAACACCGACAAGCTCATCTTT;TRB:TGTGCCAGCAGCTTCAGGGGGGTCTTGAACACTGAAGCTTTCTTT
clonotype210,1,0.00244498777506,TRA:CAVKGGGADGLTF;TRB:CASSLGRGGTDTQYF,TRA:TGTGCTGTGAAAGGAGGAGGTGCTGACGGACTCACCTTT;TRB:TGCGCCAGCAGCTTAGGGCGGGGCGGCACAGATACGCAGTATTTT
clonotype211,1,0.00244498777506,TRA:CALENNAGNMLTF;TRB:CASSPSLGWSKNIQYF,TRA:TGTGCTCTCGAGAATAATGCAGGCAACATGCTCACCTTT;TRB:TGTGCCAGCAGCCCCTCCCTGGGGTGGTCCAAAAACATTCAGTACTTC
clonotype218,1,0.00244498777506,TRA:CAVTNQAGTALIF;TRB:CASSRARASSGNTIYF,TRA:TGTGCTGTTACCAACCAGGCAGGAACTGCTCTGATCTTT;TRB:TGTGCCAGCAGCCGGGCCCGCGCTAGCTCTGGAAACACCATATATTTT
clonotype219,1,0.00244498777506,TRA:CAASRSGTNAGKSTF,TRA:TGTGCAGCAAGTCGATCGGGCACCAATGCAGGCAAATCAACCTTT
clonotype289,1,0.00244498777506,TRB:CASSLARTIHSPLHF,TRB:TGTGCCAGCAGCTTAGCCCGGACTATCCATTCACCCCTCCACTTT
clonotype288,1,0.00244498777506,TRA:CILRDVNTNAGKSTF;TRB:CASSVEGQGLNTEAFF,TRA:TGCATCCTGAGAGACGTAAACACCAATGCAGGCAAATCAACCTTT;TRB:TGTGCCAGCAGTGTGGAGGGACAGGGTTTGAACACTGAAGCTTTCTTT
clonotype281,1,0.00244498777506,TRA:CAYRSSYSGNTPLVF,TRA:TGTGCTTATAGGAGCTCCTATTCAGGAAACACACCTCTTGTCTTT
clonotype280,1,0.00244498777506,TRB:CASLTLGELGKGDTQYF,TRB:TGTGCCAGCCTAACCCTGGGCGAGCTAGGGAAAGGGGATACGCAGTATTTT
clonotype283,1,0.00244498777506,TRA:CIAGNAGGTSYGKLTF;TRB:CSARDRSRYNEQFF;TRB:CASPRGWEQYF,TRA:TGCATCGCCGGGAATGCTGGTGGTACTAGCTATGGAAAGCTGACATTT;TRB:TGCAGTGCTAGAGACCGTAGCCGTTACAATGAGCAGTTCTTC;TRB:TGTGCCAGCCCACGGGGGTGGGAGCAGTACTTC
clonotype282,1,0.00244498777506,TRA:CAYRRNDYKLSF;TRB:CASSRGGGPNEKLFF;TRB:CASSATGSYQPQHF,TRA:TGTGCTTATAGGCGTAACGACTACAAGCTCAGCTTT;TRB:TGTGCCAGCAGCCGCGGGGGAGGGCCTAATGAAAAACTGTTTTTT;TRB:TGTGCCAGCAGTGCGACGGGGAGTTATCAGCCCCAGCATTTT
clonotype285,1,0.00244498777506,TRB:CASSPMTSGRYNEQFF,TRB:TGTGCCAGCAGTCCAATGACTAGCGGCCGATACAATGAGCAGTTCTTC
clonotype284,1,0.00244498777506,TRA:CALSGRETSGSRLTF;TRB:CASSPMGFRGAEAFF,TRA:TGTGCTCTGAGTGGCCGAGAAACCAGTGGCTCTAGGTTGACCTTT;TRB:TGTGCCAGCAGCCCCATGGGGTTTAGAGGGGCTGAAGCTTTCTTT
clonotype287,1,0.00244498777506,TRA:CIAKTQGGSEKLVF;TRB:CASSQVNRGISPLHF,TRA:TGCATCGCCAAAACTCAGGGCGGATCTGAAAAGCTGGTCTTT;TRB:TGCGCCAGCAGCCAAGTTAACAGGGGCATTTCACCCCTCCACTTT
clonotype286,1,0.00244498777506,TRB:CASSQNTDTQYF,TRB:TGCGCCAGCAGCCAAAACACAGATACGCAGTATTTT
clonotype148,1,0.00244498777506,TRA:CAPWAGSYQLTF;TRB:CASSSGLVSYEQYF,TRA:TGTGCGCCGTGGGCTGGGAGTTACCAACTCACTTTC;TRB:TGTGCCAGCAGCTCGGGCCTCGTTTCCTACGAGCAGTACTTC
clonotype149,1,0.00244498777506,TRB:CASSLRPDIGYGYTF,TRB:TGTGCCAGCAGCCTCAGACCTGATATCGGCTATGGCTACACCTTC
clonotype146,1,0.00244498777506,TRA:CAERGGNQFYF;TRB:CASSPQQGNMGGTEAFF,TRA:TGTGCAGAAAGAGGAGGTAACCAGTTCTATTTT;TRB:TGCGCCAGCAGCCCGCAACAGGGGAACATGGGAGGCACTGAAGCTTTCTTT
clonotype147,1,0.00244498777506,TRA:CAVDTGANNLFF;TRB:CASGDFGPLHF,TRA:TGTGCCGTGGACACTGGGGCAAACAACCTCTTCTTT;TRB:TGTGCCAGCGGGGATTTCGGACCCCTCCACTTT
clonotype144,1,0.00244498777506,TRB:CASSWGQGNTGELFF,TRB:TGTGCCAGCAGTTGGGGACAGGGGAACACCGGGGAGCTGTTTTTT
clonotype145,1,0.00244498777506,TRB:CASSIVPLNQPQHF,TRB:TGTGCCAGTAGTATAGTCCCTCTCAATCAGCCCCAGCATTTT
clonotype142,1,0.00244498777506,TRA:CAVRGDSGAGSYQLTF;TRB:CSARTGSPVTSLHF,TRA:TGTGCTGTGAGGGGAGACTCTGGGGCTGGGAGTTACCAACTCACTTTC;TRB:TGCAGTGCTAGGACAGGCTCACCGGTGACTTCCCTCCACTTT
clonotype143,1,0.00244498777506,TRA:CAASIVPMNRDDKIIF;TRB:CASSGGTGDANTGELFF,TRA:TGTGCAGCAAGCATTGTCCCAATGAACAGAGATGACAAGATCATCTTT;TRB:TGTGCCAGCAGCGGCGGAACAGGGGACGCGAACACCGGGGAGCTGTTTTTT
clonotype140,1,0.00244498777506,TRB:CASSVGASSGNTIYF,TRB:TGTGCCAGCAGCGTAGGGGCCTCCTCTGGAAACACCATATATTTT
clonotype141,1,0.00244498777506,TRB:CASNAQSNTEAFF,TRB:TGTGCCAGTAACGCACAGTCGAACACTGAAGCTTTCTTT
clonotype86,1,0.00244498777506,TRA:CALSEGFGGNKLVF;TRB:CATTRDSRNTEAFF,TRA:TGTGCTCTGAGTGAGGGGTTTGGCGGAAACAAGCTGGTCTTT;TRB:TGTGCCACCACTCGGGACAGCCGGAACACTGAAGCTTTCTTT
clonotype87,1,0.00244498777506,TRA:CAGPISGSARQLTF;TRB:CASSQGVGQGGQPQHF;TRB:CASSFRGFTSYEQYF,TRA:TGTGCAGGGCCCATTTCTGGTTCTGCAAGGCAACTGACCTTT;TRB:TGCGCCAGCAGCCAAGGAGTGGGACAGGGCGGTCAGCCCCAGCATTTT;TRB:TGTGCCAGCAGCTTCAGGGGGTTCACCTCCTACGAGCAGTACTTC
clonotype84,1,0.00244498777506,TRA:CIPRGNYGGSQGNLIF;TRA:CAMREVTGGTSYGKLTF;TRB:CASSLETGYGETQYF,TRA:TGCATCCCGCGCGGCAATTATGGAGGAAGCCAAGGAAATCTCATCTTT;TRA:TGTGCAATGAGAGAGGTTACTGGTGGTACTAGCTATGGAAAGCTGACATTT;TRB:TGTGCCAGCAGCCTCGAAACGGGATATGGTGAGACCCAGTACTTC
clonotype85,1,0.00244498777506,TRA:CAVRDLRATTDSWGKLQF;TRA:CVVSWDTGGFKTIF;TRB:CASRRGLNTEAFF,TRA:TGTGCTGTGAGAGACCTCCGGGCTACTACTGACAGCTGGGGGAAATTGCAGTTT;TRA:TGTGTTGTGAGTTGGGATACTGGAGGCTTCAAAACTATCTTT;TRB:TGTGCCAGCAGGAGGGGGCTGAACACTGAAGCTTTCTTT
clonotype82,1,0.00244498777506,TRA:CAGLSNSGYALNF;TRA:CATSPAGNEKLTF;TRB:CASSPGGRNTEAFF,TRA:TGTGCAGGCCTCTCAAATTCCGGGTATGCACTCAACTTC;TRA:TGTGCTACGTCCCCGGCTGGAAATGAGAAATTAACCTTT;TRB:TGTGCCAGCAGCCCGGGAGGGAGGAACACTGAAGCTTTCTTT
clonotype83,1,0.00244498777506,TRA:CAVGEYGNKLVF;TRB:CASSPRETGELFF,TRA:TGTGCTGTGGGGGAATATGGAAACAAGCTGGTCTTT;TRB:TGTGCCAGCAGCCCCAGGGAAACCGGGGAGCTGTTTTTT
clonotype80,1,0.00244498777506,TRA:CAGQGGSQGNLIF;TRB:CASSLAGGYEQYF,TRA:TGTGCTGGGCAGGGAGGAAGCCAAGGAAATCTCATCTTT;TRB:TGCGCCAGCAGCTTGGCCGGGGGGTACGAGCAGTACTTC
clonotype81,1,0.00244498777506,TRA:CAFYNYGQNFVF;TRB:CASSEGGPQETQYF,TRA:TGTGCCTTTTATAACTATGGTCAGAATTTTGTCTTT;TRB:TGTGCCAGCAGCGAGGGGGGCCCCCAAGAGACCCAGTACTTC
clonotype221,1,0.00244498777506,TRB:CASSEQGNTGELFF,TRB:TGTGCCAGCAGTGAACAGGGGAACACCGGGGAGCTGTTTTTT
clonotype88,1,0.00244498777506,TRA:CAASDRYSGTYKYIF;TRB:CASSSPGFRGEGYTF,TRA:TGTGCAGCAAGCGACCGTTACTCAGGAACCTACAAATACATCTTT;TRB:TGTGCCAGCAGCAGTCCCGGATTCAGGGGGGAAGGCTACACCTTC
clonotype89,1,0.00244498777506,TRA:CALSPTYAGNNRKLIW;TRB:CASSQGAGVDNEQFF,TRA:TGTGCTCTGAGCCCCACCTATGCTGGCAACAACCGTAAGCTGATTTGG;TRB:TGCGCCAGCAGCCAAGGAGCGGGGGTCGACAATGAGCAGTTCTTC
clonotype220,1,0.00244498777506,TRA:CALIDLNRDDKIIF;TRB:CASSPSGAPLFHEQFF,TRA:TGTGCTCTGATTGACTTGAACAGAGATGACAAGATCATCTTT;TRB:TGTGCCAGCAGCCCCAGCGGGGCCCCCCTATTCCATGAGCAGTTCTTC
clonotype68,1,0.00244498777506,TRB:CASSGGAGTNSPLHF,TRB:TGTGCCAGCAGTGGAGGGGCAGGAACTAATTCACCCCTCCACTTT
clonotype69,1,0.00244498777506,TRB:CASSVEGQGLNTEAFF,TRB:TGTGCCAGCAGTGTGGAGGGACAGGGTTTGAACACTGAAGCTTTCTTT
clonotype222,1,0.00244498777506,TRA:CAENINDYKLSF;TRB:CASSFRGTATNEKLFF,TRA:TGTGCAGAGAATATAAACGACTACAAGCTCAGCTTT;TRB:TGTGCCAGCAGCTTCAGGGGGACAGCAACTAATGAAAAACTGTTTTTT
clonotype60,1,0.00244498777506,TRA:CAVQAEETSGSRLTF;TRB:CASDRGNTGELFF,TRA:TGTGCTGTGCAGGCGGAGGAAACCAGTGGCTCTAGGTTGACCTTT;TRB:TGTGCCAGCGACCGGGGAAACACCGGGGAGCTGTTTTTT
clonotype61,1,0.00244498777506,TRB:CASSFSSGGRNEQFF,TRB:TGTGCCAGCAGCTTCAGTAGCGGGGGGCGGAATGAGCAGTTCTTC
clonotype62,1,0.00244498777506,TRA:CAVSGQNDMRF;TRB:CASSLARRGTDTQYF,TRA:TGTGCTGTGAGTGGTCAAAATGACATGCGCTTT;TRB:TGCGCCAGCAGCTTGGCCCGGAGGGGTACAGATACGCAGTATTTT
clonotype63,1,0.00244498777506,TRA:CAFMSGANSKLTF;TRB:CAMSTGTEAFF,TRA:TGTGCTTTCATGTCTGGAGCCAATAGTAAGCTGACATTT;TRB:TGTGCCATGTCGACAGGCACTGAAGCTTTCTTT
clonotype64,1,0.00244498777506,TRB:CASSWDSSSYNEQFF,TRB:TGTGCCAGTAGCTGGGACTCTAGCTCCTACAATGAGCAGTTCTTC
clonotype65,1,0.00244498777506,TRA:CAASNFPSGTYKYIF;TRB:CASSTRGGGETQYF,TRA:TGTGCAGCAAGCAACTTCCCCTCAGGAACCTACAAATACATCTTT;TRB:TGTGCCAGCAGCACAAGGGGGGGAGGAGAGACCCAGTACTTC
clonotype66,1,0.00244498777506,TRA:CAGVDRGSTLGRLYF;TRB:CATRSQNTEAFF,TRA:TGTGCTGGTGTCGACAGAGGCTCAACCCTGGGGAGGCTATACTTT;TRB:TGTGCCACCAGGTCACAGAACACTGAAGCTTTCTTT
clonotype67,1,0.00244498777506,TRB:CSAAVRGNEKLFF,TRB:TGCAGTGCTGCCGTCCGCGGTAATGAAAAACTGTTTTTT
clonotype326,1,0.00244498777506,TRA:CAVTMYSGGGADGLTF;TRB:CASSVARDYGYTF,TRA:TGTGCCGTGACTATGTATTCAGGAGGAGGTGCTGACGGACTCACCTTT;TRB:TGTGCCAGCAGCGTAGCCAGGGACTATGGCTACACCTTC
clonotype327,1,0.00244498777506,TRA:CIVRARGSQGNLIF;TRA:CAPDSGTYKYIF;TRB:CASSSSGYRTEYNEQFF,TRA:TGCATCGTCAGAGCCCGAGGAAGCCAAGGAAATCTCATCTTT;TRA:TGTGCTCCCGACTCAGGAACCTACAAATACATCTTT;TRB:TGTGCCAGCAGCTCTTCGGGATACCGCACTGAATACAATGAGCAGTTCTTC
clonotype324,1,0.00244498777506,TRA:CAETLGLSF;TRB:CASSSLSQGGYTF,TRA:TGTGCAGAGACCCTTGGGCTCAGCTTT;TRB:TGTGCCAGCAGCTCCCTTTCACAGGGGGGCTACACCTTC
clonotype325,1,0.00244498777506,TRA:CASPGVNYGGSQGNLIF;TRB:CASSLTRGGNTIYF,TRA:TGTGCTTCCCCGGGGGTTAATTATGGAGGAAGCCAAGGAAATCTCATCTTT;TRB:TGTGCCAGCAGCTTGACGAGGGGCGGAAACACCATATATTTT
clonotype322,1,0.00244498777506,TRA:CAVMDSNYQLIW;TRB:CASSKSGGSTDTQYF,TRA:TGTGCTGTGATGGATAGCAACTATCAGTTAATCTGG;TRB:TGTGCCAGCAGTAAAAGCGGGGGAAGCACAGATACGCAGTATTTT
clonotype248,1,0.00244498777506,TRA:CAYSLINYGGSQGNLIF;TRB:CASSTTWTPLRGDSPLHF,TRA:TGTGCTTATAGCCTAATTAATTATGGAGGAAGCCAAGGAAATCTCATCTTT;TRB:TGTGCCAGCAGTACTACCTGGACTCCTCTTAGAGGGGATTCACCCCTCCACTTT
clonotype320,1,0.00244498777506,TRA:CAVRRSGGGADGLTF;TRB:CASSSGNGRDTGELFF;TRB:CASSPVQDGYTF,TRA:TGTGCCGTGCGGCGGTCAGGAGGAGGTGCTGACGGACTCACCTTT;TRB:TGTGCCAGCAGTTCGGGGAACGGGCGTGACACCGGGGAGCTGTTTTTT;TRB:TGTGCCAGCTCACCAGTACAGGATGGCTACACCTTC
clonotype321,1,0.00244498777506,TRA:CILRRTGNQFYF;TRA:CAVEIIF;TRB:CASSEGQGAGQPQHF,TRA:TGCATCCTGAGACGCACCGGTAACCAGTTCTATTTT;TRA:TGTGCCGTGGAGATCATCTTT;TRB:TGTGCCAGCAGTGAGGGACAGGGGGCCGGGCAGCCCCAGCATTTT
clonotype245,1,0.00244498777506,TRA:CAPQGREFYF;TRB:CASSGADRGTLSGYTF,TRA:TGTGCTCCCCAAGGAAGGGAGTTTTACTTT;TRB:TGTGCCAGCAGTGGCGCCGACAGGGGTACTTTGAGTGGCTACACCTTC
clonotype244,1,0.00244498777506,TRA:CADSGGYQKVTF;TRB:CASSLLTYEQYF,TRA:TGTGCTGATTCTGGGGGTTACCAGAAAGTTACCTTT;TRB:TGTGCCAGCAGCTTATTGACCTACGAGCAGTACTTC
clonotype247,1,0.00244498777506,TRA:CAVDPSGTYKYIF;TRB:CASRDSLTDTQYF,TRA:TGTGCTGTGGACCCCTCAGGAACCTACAAATACATCTTT;TRB:TGTGCCAGCCGGGACAGCCTCACAGATACGCAGTATTTT
clonotype246,1,0.00244498777506,TRA:CALSEPSSHGSSNTGKLIF;TRB:CASSLWGHETQYF,TRA:TGTGCTCTGAGTGAGCCTTCTTCACATGGCTCTAGCAACACAGGCAAACTAATCTTT;TRB:TGTGCCAGCAGTTTATGGGGGCACGAGACCCAGTACTTC
clonotype241,1,0.00244498777506,TRA:CAVSDSGAGSYQLTF;TRB:CATSPGQGVNNEQFF,TRA:TGTGCTGTGTCAGATTCTGGGGCTGGGAGTTACCAACTCACTTTC;TRB:TGTGCCACCAGTCCGGGACAGGGGGTAAACAATGAGCAGTTCTTC
clonotype240,1,0.00244498777506,TRA:CAVSRVSDGQKLLF;TRB:CASSSPGYYEQYF,TRA:TGTGCTGTGAGCCGGGTTTCAGATGGCCAGAAGCTGCTCTTT;TRB:TGTGCCAGCAGTTCTCCGGGATACTACGAGCAGTACTTC
clonotype243,1,0.00244498777506,TRA:CLVGSPYSGAGSYQLTF;TRB:CASSQPTSGFRETQYF,TRA:TGCCTCGTGGGTTCCCCATACTCTGGGGCTGGGAGTTACCAACTCACTTTC;TRB:TGTGCCAGCAGCCAACCCACGAGCGGCTTTAGAGAGACCCAGTACTTC
clonotype329,1,0.00244498777506,TRA:CAFRYGGATNKLIF;TRB:CSASQSPSEYF,TRA:TGTGCCTTTAGGTATGGTGGTGCTACAAACAAGCTCATCTTT;TRB:TGCAGTGCTAGTCAGAGTCCGTCGGAGTACTTC
clonotype182,1,0.00244498777506,TRA:CAADSGGYQKVTF;TRB:CASSLQQGAGELFF,TRA:TGTGCTGCGGATTCTGGGGGTTACCAGAAAGTTACCTTT;TRB:TGTGCCAGCAGCTTACAACAGGGGGCCGGGGAGCTGTTTTTT
clonotype183,1,0.00244498777506,TRA:CAVSRAFGNEKLTF;TRB:CASSPGTESYEQYF,TRA:TGTGCTGTGAGTCGCGCCTTTGGAAATGAGAAATTAACCTTT;TRB:TGTGCCAGCAGCCCTGGGACAGAGTCCTACGAGCAGTACTTC
clonotype180,1,0.00244498777506,TRA:CAGAARRYNFNKFYF;TRB:CASSKNRGERYEQYF,TRA:TGTGCAGGAGCGGCGAGGAGGTACAACTTCAACAAATTTTACTTT;TRB:TGTGCCAGCAGCAAGAACAGGGGCGAGAGATACGAGCAGTACTTC
clonotype181,1,0.00244498777506,TRA:CAYRKTSGTYKYIF;TRB:CASGPSVKLYEQFF,TRA:TGTGCTTATAGGAAAACCTCAGGAACCTACAAATACATCTTT;TRB:TGTGCTAGTGGCCCCAGTGTTAAGCTCTATGAGCAGTTCTTC
clonotype186,1,0.00244498777506,TRA:CAVGASNTDKLIF;TRB:CASSPRRAGYEQYF,TRA:TGTGCTGTGGGGGCCTCTAACACCGACAAGCTCATCTTT;TRB:TGTGCCAGCAGCCCCCGTCGGGCGGGCTACGAGCAGTACTTC
clonotype187,1,0.00244498777506,TRB:CASSPYGTVNEKLFF,TRB:TGTGCCAGCAGTCCTTACGGGACAGTCAATGAAAAACTGTTTTTT
clonotype184,1,0.00244498777506,TRA:CAVRSQGNLIF;TRB:CASSYTRSGTGLTGELFF,TRA:TGTGCTGTAAGAAGCCAAGGAAATCTCATCTTT;TRB:TGTGCCAGCAGTTACACAAGATCCGGGACAGGACTAACCGGGGAGCTGTTTTTT
clonotype185,1,0.00244498777506,TRA:CAMREGQSNAGGTSYGKLTF;TRB:CASSRTGVWTDTQYF,TRA:TGTGCAATGAGAGAGGGCCAGTCTAATGCTGGTGGTACTAGCTATGGAAAGCTGACATTT;TRB:TGTGCCAGTAGTAGGACGGGGGTCTGGACAGATACGCAGTATTTT
clonotype188,1,0.00244498777506,TRA:CAENIGFGNVLHC;TRA:CALFFGNEKLTF;TRB:CASSGQGAIQDEQFF,TRA:TGTGCAGAGAATATAGGCTTTGGGAATGTGCTGCATTGC;TRA:TGTGCTCTTTTTTTTGGAAATGAGAAATTAACCTTT;TRB:TGTGCCAGCTCGGGACAAGGCGCGATACAGGATGAGCAGTTCTTC
clonotype189,1,0.00244498777506,TRA:CAMGQNNAGNMLTF;TRB:CASSPGQTLEQYF,TRA:TGTGCAATGGGCCAAAATAATGCAGGCAACATGCTCACCTTT;TRB:TGTGCCAGCAGCCCCGGACAAACCCTGGAGCAGTACTTC
clonotype115,1,0.00244498777506,TRA:CIVRVAISAGTASKLTF;TRB:CASSTGLAANTGELFF,TRA:TGCATCGTCAGAGTCGCGATTTCCGCCGGCACTGCCAGTAAACTCACCTTT;TRB:TGCGCCAGCAGCACCGGACTTGCGGCGAACACCGGGGAGCTGTTTTTT
clonotype114,1,0.00244498777506,TRA:CAVNPLLGNFNKFYF;TRB:CASSSRVGPGDTQYF,TRA:TGTGCCGTGAACCCTCTCCTAGGGAACTTCAACAAATTTTACTTT;TRB:TGTGCCAGCAGTTCCAGGGTAGGGCCGGGGGATACGCAGTATTTT
clonotype117,1,0.00244498777506,TRA:CAETASDGQKLLF;TRB:CASSFGPGNNEQFF,TRA:TGTGCAGAGACCGCCTCAGATGGCCAGAAGCTGCTCTTT;TRB:TGTGCCAGCAGCTTTGGGCCCGGCAATAATGAGCAGTTCTTC
clonotype116,1,0.00244498777506,TRB:CASSPRGGGRQQPNQPQHF,TRB:TGTGCCAGCAGTCCACGGGGAGGGGGTCGACAACAACCGAATCAGCCCCAGCATTTT
clonotype111,1,0.00244498777506,TRA:CAASGAGSYQLTF;TRB:CASSPDSEETQYF,TRA:TGTGCAGCATCTGGGGCTGGGAGTTACCAACTCACTTTC;TRB:TGCGCCAGCAGCCCGGACAGTGAAGAGACCCAGTACTTC
clonotype110,1,0.00244498777506,TRA:CAGQHGSSNTGKLIF;TRB:CASSQWARRDTIYF,TRA:TGTGCAGGTCAACATGGCTCTAGCAACACAGGCAAACTAATCTTT;TRB:TGTGCCAGCAGCCAATGGGCCCGACGGGACACCATATATTTT
clonotype113,1,0.00244498777506,TRA:CAVDYNDMRF;TRB:CASSVRLRAGDTEAFF,TRA:TGTGCCGTGGACTACAATGACATGCGCTTT;TRB:TGTGCCAGCAGCGTAAGGCTTCGGGCAGGGGACACTGAAGCTTTCTTT
clonotype112,1,0.00244498777506,TRA:CAVGAITMRF;TRB:CASSLAGGLDTQYF,TRA:TGTGCTGTGGGTGCTATCACCATGCGCTTT;TRB:TGTGCCAGCAGCTTAGCGGGGGGCCTGGATACGCAGTATTTT
clonotype119,1,0.00244498777506,TRA:CAASRSLGNRLAF;TRB:CASKSLGTDTQYF,TRA:TGTGCAGCAAGTAGAAGCTTGGGCAACAGACTCGCTTTT;TRB:TGTGCCAGCAAGTCTCTAGGCACAGATACGCAGTATTTT
clonotype118,1,0.00244498777506,TRA:CAVRTSAGGTSYGKLTF;TRA:CVVSPPF;TRB:CASTEGWWGTDTQYF;TRB:CASSERQYNSPLHF,TRA:TGTGCTGTGCGGACCAGTGCTGGTGGTACTAGCTATGGAAAGCTGACATTT;TRA:TGTGTGGTGAGCCCCCCATTT;TRB:TGTGCCAGCACCGAGGGGTGGTGGGGCACAGATACGCAGTATTTT;TRB:TGTGCCAGCAGTGAAAGACAGTATAATTCACCCCTCCACTTT
clonotype201,1,0.00244498777506,TRA:CAMREGHDRDDKIIF;TRB:CASSESGVRSPLHF,TRA:TGTGCAATGAGAGAGGGCCATGACAGAGATGACAAGATCATCTTT;TRB:TGTGCCAGCAGTGAATCGGGGGTTCGCTCACCCCTCCACTTT
clonotype200,1,0.00244498777506,TRA:CAVFRPLNTGNQFYF;TRB:CSARDLGRGNTEAFF,TRA:TGTGCTGTCTTTCGACCCTTGAACACCGGTAACCAGTTCTATTTT;TRB:TGCAGTGCTAGAGATCTCGGCAGAGGGAACACTGAAGCTTTCTTT
clonotype203,1,0.00244498777506,TRA:CAVDLPGTASKLTF;TRB:CAVSTGHEQYF,TRA:TGTGCCGTGGACTTGCCCGGCACTGCCAGTAAACTCACCTTT;TRB:TGTGCCGTCAGCACAGGCCACGAGCAGTACTTC
clonotype202,1,0.00244498777506,TRA:CAVSENRDMRF;TRB:CASSQDSNRGYEQYF,TRA:TGTGCTGTGAGTGAAAATCGGGACATGCGCTTT;TRB:TGTGCCAGCAGCCAAGATTCCAACAGGGGGTACGAGCAGTACTTC
clonotype205,1,0.00244498777506,TRA:CALSEATRDGQNFVF;TRA:CVVSAWGNTDKLIF;TRB:CASSVWTEDSNQPQHF,TRA:TGTGCTCTGAGTGAGGCTACAAGGGATGGTCAGAATTTTGTCTTT;TRA:TGTGTGGTGAGCGCGTGGGGGAACACCGACAAGCTCATCTTT;TRB:TGTGCCAGCAGTGTTTGGACAGAAGATAGCAATCAGCCCCAGCATTTT
clonotype204,1,0.00244498777506,TRA:CAVMGGGADGLTF,TRA:TGTGCTGTGATGGGGGGAGGTGCTGACGGACTCACCTTT
clonotype207,1,0.00244498777506,TRA:CAVNDGGTNAGKSTF;TRB:CASSERQYNSPLHF,TRA:TGTGCCGTGAATGATGGGGGCACCAATGCAGGCAAATCAACCTTT;TRB:TGTGCCAGCAGTGAAAGACAGTATAATTCACCCCTCCACTTT
clonotype206,1,0.00244498777506,TRA:CAFNQGAQKLVF;TRB:CASSPQTGQESSYEQYF,TRA:TGTGCTTTTAATCAGGGAGCCCAGAAGCTGGTATTT;TRB:TGTGCCAGCAGCCCACAGACGGGACAGGAAAGCTCCTACGAGCAGTACTTC
clonotype209,1,0.00244498777506,TRB:CASSLGHGRTGGITEAFF,TRB:TGTGCCAGCAGCTTAGGCCACGGCCGGACAGGGGGTATCACTGAAGCTTTCTTT
clonotype208,1,0.00244498777506,TRA:CAATSGNKLVF;TRB:CSVDRQGTGEAFF,TRA:TGTGCAGCGACCAGTGGAAACAAGCTGGTCTTT;TRB:TGCAGCGTTGATCGCCAGGGGACGGGAGAAGCTTTCTTT
clonotype274,1,0.00244498777506,TRB:CASSLVDGSYEQYF,TRB:TGTGCCAGCAGTTTAGTAGACGGCTCCTACGAGCAGTACTTC
clonotype275,1,0.00244498777506,TRB:CASKRGAAGLWFF,TRB:TGTGCCAGTAAAAGGGGCGCAGCGGGGTTATGGTTTTTT
clonotype276,1,0.00244498777506,TRA:CAVRDDSGNTPLVF;TRB:CASSLEALAGDEQYF,TRA:TGTGCTGTGAGAGACGATTCAGGAAACACACCTCTTGTCTTT;TRB:TGTGCCAGCAGCTTAGAGGCCCTAGCGGGGGATGAGCAGTACTTC
clonotype277,1,0.00244498777506,TRA:CILRDVNTNAGKSTF;TRA:CALSEALKISNFGNEKLTF;TRB:CASSVEGQGLNTEAFF,TRA:TGCATCCTGAGAGACGTAAACACCAATGCAGGCAAATCAACCTTT;TRA:TGTGCTCTGAGTGAGGCGCTAAAAATATCTAACTTTGGAAATGAGAAATTAACCTTT;TRB:TGTGCCAGCAGTGTGGAGGGACAGGGTTTGAACACTGAAGCTTTCTTT
clonotype270,1,0.00244498777506,TRA:CAMREGGETSYDKVIF;TRB:CASREDGINEKLFF,TRA:TGTGCAATGAGAGAGGGCGGGGAAACCTCCTACGACAAGGTGATATTT;TRB:TGTGCCAGCCGGGAGGACGGAATTAATGAAAAACTGTTTTTT
clonotype271,1,0.00244498777506,TRB:CSVEPSGAQETQYF,TRB:TGCAGCGTTGAGCCCTCAGGGGCACAAGAGACCCAGTACTTC
clonotype272,1,0.00244498777506,TRA:CAMREPNFNAGGTSYGKLTF;TRB:CASSATGVYTDTQYF,TRA:TGTGCAATGAGAGAGCCAAACTTTAATGCTGGTGGTACTAGCTATGGAAAGCTGACATTT;TRB:TGTGCCAGTAGTGCGACAGGGGTCTACACAGATACGCAGTATTTT
clonotype273,1,0.00244498777506,TRA:CVVRYNTDKLIF;TRB:CASTVTGLAYEQYF,TRA:TGTGTGGTGAGATATAACACCGACAAGCTCATCTTT;TRB:TGTGCCAGCACCGTGACAGGGCTTGCCTACGAGCAGTACTTC
clonotype278,1,0.00244498777506,TRA:CALSDRDARLMF;TRB:CSVEGVYEQYF,TRA:TGTGCTCTGAGTGATCGGGATGCCAGACTCATGTTT;TRB:TGCAGCGTTGAGGGAGTATACGAGCAGTACTTC
clonotype279,1,0.00244498777506,TRB:CAWSPPGLNTGELFF,TRB:TGTGCCTGGTCGCCACCGGGCCTAAACACCGGGGAGCTGTTTTTT
clonotype159,1,0.00244498777506,TRB:CASSPKDSGNTEAFF,TRB:TGTGCCAGCTCACCAAAGGACTCGGGGAACACTGAAGCTTTCTTT
clonotype158,1,0.00244498777506,TRA:CAFMKPNTGANSKLTF;TRB:CASSSRTGEQFF,TRA:TGTGCTTTCATGAAGCCCAATACTGGAGCCAATAGTAAGCTGACATTT;TRB:TGTGCCAGCAGCTCCCGGACAGGTGAGCAGTTCTTC
clonotype151,1,0.00244498777506,TRA:CLVGVFYHGSSNTGKLIF;TRB:CASSLEGPPYEQYF,TRA:TGCCTCGTGGGTGTCTTCTATCATGGCTCTAGCAACACAGGCAAACTAATCTTT;TRB:TGTGCCAGCAGTTTGGAGGGGCCCCCCTACGAGCAGTACTTC
clonotype150,1,0.00244498777506,TRA:CAVREYNFNKFYF;TRB:CSVGTGWSGTEAFF,TRA:TGTGCTGTGAGGGAATACAACTTCAACAAATTTTACTTT;TRB:TGCAGCGTGGGGACAGGGTGGTCGGGAACTGAAGCTTTCTTT
clonotype153,1,0.00244498777506,TRB:CASSSRSGSIPVHEQYF,TRB:TGTGCCAGCAGCTCCCGTAGCGGGAGCATTCCGGTCCACGAGCAGTACTTC
clonotype152,1,0.00244498777506,TRA:CAVRDYGGATNKLIF;TRB:CAWTLLTGDSNSPLHF,TRA:TGTGCTGTGAGAGATTATGGTGGTGCTACAAACAAGCTCATCTTT;TRB:TGTGCCTGGACCCTACTAACAGGGGATTCAAATTCACCCCTCCACTTT
clonotype155,1,0.00244498777506,TRA:CALSETNYGGSQGNLIF;TRB:CSAATTGYEQYF,TRA:TGTGCTCTGAGTGAGACGAATTATGGAGGAAGCCAAGGAAATCTCATCTTT;TRB:TGCAGTGCAGCTACGACAGGCTACGAGCAGTACTTC
clonotype154,1,0.00244498777506,TRA:CALSEGSTFYSGGYQKVTF;TRB:CASSQERQGSYNEQFF,TRA:TGTGCTCTGAGTGAGGGAAGTACTTTTTATTCTGGGGGTTACCAGAAAGTTACCTTT;TRB:TGCGCCAGCAGCCAAGAGCGACAGGGCTCCTACAATGAGCAGTTCTTC
clonotype157,1,0.00244498777506,TRA:CAYSRGETSGSRLTF;TRB:CSAASPRGERRTSTDTQYF,TRA:TGTGCTTATAGCAGGGGAGAAACCAGTGGCTCTAGGTTGACCTTT;TRB:TGCAGTGCAGCATCCCCACGGGGGGAGCGGAGAACTAGCACAGATACGCAGTATTTT
clonotype156,1,0.00244498777506,TRA:CAAASEEYGNKLVF;TRB:CASSYSGTPFYVYEQYF,TRA:TGTGCAGCTGCCTCCGAGGAATATGGAAACAAGCTGGTCTTT;TRB:TGTGCCAGCAGTTATTCCGGGACACCCTTCTACGTGTACGAGCAGTACTTC
clonotype128,1,0.00244498777506,TRB:CASSERQYNSPLHF,TRB:TGTGCCAGCAGTGAAAGACAGTATAATTCACCCCTCCACTTT
clonotype129,1,0.00244498777506,TRB:CASSQDPPGQINYGYTF,TRB:TGTGCCAGCAGCCAAGATCCTCCGGGACAGATTAACTATGGCTACACCTTC
clonotype124,1,0.00244498777506,TRA:CAVPMDSNYQLIW;TRB:CASSDGQGVGETQYF,TRA:TGTGCCGTCCCCATGGATAGCAACTATCAGTTAATCTGG;TRB:TGTGCCAGCAGTGATGGGCAGGGTGTAGGGGAGACCCAGTACTTC
clonotype125,1,0.00244498777506,TRB:CSAATTGYEQYF,TRB:TGCAGTGCAGCTACGACAGGCTACGAGCAGTACTTC
clonotype126,1,0.00244498777506,TRB:CASSRRLAGGSPVLHRQFF,TRB:TGTGCCAGCAGCCGACGACTAGCGGGGGGGTCCCCCGTACTACATCGGCAGTTCTTC
clonotype127,1,0.00244498777506,TRA:CAGPISGSARQLTF;TRA:CAVHSNSGYALNF;TRB:CASSQGVGQGGQPQHF;TRB:CASSRLQGSGDEQFF,TRA:TGTGCAGGGCCCATTTCTGGTTCTGCAAGGCAACTGACCTTT;TRA:TGTGCTGTTCACTCAAATTCCGGGTATGCACTCAACTTC;TRB:TGCGCCAGCAGCCAAGGAGTGGGACAGGGCGGTCAGCCCCAGCATTTT;TRB:TGTGCCAGCAGCCGCCTCCAGGGTAGCGGTGATGAGCAGTTCTTC
clonotype120,1,0.00244498777506,TRA:CAVSIRDDKIIF;TRB:CASSLDLGFDTEAFF,TRA:TGTGCTGTGAGCATCAGAGATGACAAGATCATCTTT;TRB:TGTGCCAGCAGCCTAGACCTCGGTTTTGACACTGAAGCTTTCTTT
clonotype121,1,0.00244498777506,TRA:CATDHQAGTALIF;TRB:CASSLGTGGADTQYF,TRA:TGTGCTACGGATCACCAGGCAGGAACTGCTCTGATCTTT;TRB:TGTGCCAGCAGCTTAGGGACAGGGGGGGCAGATACGCAGTATTTT
clonotype122,1,0.00244498777506,TRA:CAGAMHGGSQGNLIF;TRA:CAFMKLGTASKLTF;TRB:CASSPGTSVYTQYF,TRA:TGTGCAGGAGCTATGCATGGAGGAAGCCAAGGAAATCTCATCTTT;TRA:TGTGCTTTCATGAAGCTCGGCACTGCCAGTAAACTCACCTTT;TRB:TGTGCCAGCAGCCCCGGGACTAGCGTTTATACGCAGTATTTT
clonotype123,1,0.00244498777506,TRA:CAQGAQKLVF;TRB:CASSFRGTSGGQQTYEQYF,TRA:TGTGCTCAGGGAGCCCAGAAGCTGGTATTT;TRB:TGTGCCAGCAGCTTTCGGGGTACTAGCGGGGGTCAACAAACCTACGAGCAGTACTTC
clonotype331,1,0.00244498777506,TRA:CVAPNTGNQFYF;TRB:CASSLERGWGDTQYF,TRA:TGTGTGGCTCCGAACACCGGTAACCAGTTCTATTTT;TRB:TGCGCCAGCAGCTTGGAGCGGGGGTGGGGAGATACGCAGTATTTT
clonotype330,1,0.00244498777506,TRA:CAVEVEGDYKLSF,TRA:TGTGCCGTGGAAGTTGAGGGCGACTACAAGCTCAGCTTT
clonotype59,1,0.00244498777506,TRA:CAYRSMNRDDKIIF;TRB:CASSAGRISNQPQHF,TRA:TGTGCTTATAGGAGCATGAACAGAGATGACAAGATCATCTTT;TRB:TGTGCCAGCAGCGCCGGACGGATTAGCAATCAGCCCCAGCATTTT
clonotype58,1,0.00244498777506,TRB:CASSYGGTGNEQFF,TRB:TGTGCCAGCAGTTACGGGGGTACAGGAAATGAGCAGTTCTTC
clonotype55,1,0.00244498777506,TRA:CAEGTGYNQGGKLIF;TRB:CAWGGRLSSNNSPLHF,TRA:TGTGCAGAGGGAACCGGGTATAACCAGGGAGGAAAGCTTATCTTC;TRB:TGTGCCTGGGGGGGCAGGCTATCGTCAAATAATTCACCCCTCCACTTT
clonotype54,1,0.00244498777506,TRA:CAVGGAGNNRKLIW;TRB:CASSFRGTGGSYEQYF,TRA:TGTGCTGTGGGTGGTGCTGGCAACAACCGTAAGCTGATTTGG;TRB:TGTGCCAGCAGCTTTCGGGGGACAGGGGGTTCCTACGAGCAGTACTTC
clonotype57,1,0.00244498777506,TRA:CAVLIGFGNVLHC;TRB:CASSLGDRIDTEAFF;TRB:CASSGGPPSSGNTIYF,TRA:TGTGCTGTCCTGATAGGCTTTGGGAATGTGCTGCATTGC;TRB:TGTGCCAGCAGCTTAGGTGATCGTATAGACACTGAAGCTTTCTTT;TRB:TGTGCCAGCTCCGGGGGGCCCCCGAGCTCTGGAAACACCATATATTTT
clonotype56,1,0.00244498777506,TRA:CATDAYGGATNKLIF;TRB:CAISTQTSNEQFF,TRA:TGTGCTACGGATGCATATGGTGGTGCTACAAACAAGCTCATCTTT;TRB:TGTGCCATCAGTACCCAGACTAGCAATGAGCAGTTCTTC
clonotype51,1,0.00244498777506,TRA:CAAKESNSGYALNF;TRB:CASSPRDPVLDEQFF,TRA:TGTGCAGCAAAGGAATCAAATTCCGGGTATGCACTCAACTTC;TRB:TGCGCCAGCAGCCCCCGGGACCCCGTTTTGGATGAGCAGTTCTTC
clonotype50,1,0.00244498777506,TRB:CASSLGSTIETQYF,TRB:TGTGCCAGCAGCTTAGGTAGCACAATAGAGACCCAGTACTTC
clonotype53,1,0.00244498777506,TRA:CAFMKTTSGNTPLVF;TRB:CASRSRDRDEQFF,TRA:TGTGCTTTCATGAAGACGACATCAGGAAACACACCTCTTGTCTTT;TRB:TGTGCCAGCAGGTCCCGGGACAGAGATGAGCAGTTCTTC
clonotype52,1,0.00244498777506,TRA:CAVSVGFQKLVF;TRB:CASSATQTGARGTGELFF,TRA:TGTGCTGTGAGTGTAGGCTTTCAGAAACTTGTATTT;TRB:TGTGCCAGCAGTGCTACCCAGACAGGGGCGAGGGGCACCGGGGAGCTGTTTTTT
clonotype238,1,0.00244498777506,TRA:CAYRSGGNKLVF;TRB:CASSEGRGNQPQHF,TRA:TGTGCTTATAGGAGCGGGGGAAACAAGCTGGTCTTT;TRB:TGCGCCAGCAGTGAGGGGCGGGGCAATCAGCCCCAGCATTTT
clonotype239,1,0.00244498777506,TRA:CLLGELAGNMLTF,TRA:TGTCTTCTGGGAGAATTGGCAGGCAACATGCTCACCTTT
clonotype333,1,0.00244498777506,TRA:CAVEDQKGGSYIPTF;TRB:CASSGDRYNTEAFF,TRA:TGTGCTGTGGAGGATCAGAAAGGAGGAAGCTACATACCTACATTT;TRB:TGTGCCAGCAGCGGCGACAGGTATAACACTGAAGCTTTCTTT
clonotype332,1,0.00244498777506,TRA:CAVGSGTYKYIF;TRA:CLYSGAGSYQLTF;TRB:CSASLPTYEQYF,TRA:TGTGCTGTGGGGTCAGGAACCTACAAATACATCTTT;TRA:TGTTTATACTCTGGGGCTGGGAGTTACCAACTCACTTTC;TRB:TGCAGTGCTAGTCTACCTACGTACGAGCAGTACTTC
clonotype335,1,0.00244498777506,TRA:CAVSGTSYGKLTF;TRB:CASSLEDTQYF,TRA:TGTGCAGTCTCGGGTACTAGCTATGGAAAGCTGACATTT;TRB:TGCGCCAGCAGCTTGGAAGATACGCAGTATTTT
clonotype334,1,0.00244498777506,TRA:CAVSGSIGGYNKLIF;TRB:CASSLLNQETQYF,TRA:TGTGCTGTGAGTGGATCCATTGGTGGCTACAATAAGCTGATTTTT;TRB:TGTGCCAGCAGCTTATTAAACCAAGAGACCCAGTACTTC
clonotype337,1,0.00244498777506,TRA:CAVSDSGFQKLVF;TRB:CASSLDGSNQPQHF,TRA:TGTGCTGTGAGTGATTCGGGCTTTCAGAAACTTGTATTT;TRB:TGTGCCAGCAGCTTGGACGGCAGCAATCAGCCCCAGCATTTT
clonotype336,1,0.00244498777506,TRA:CAASLLYGGATNKLIF;TRB:CASRRGGDLNTEAFF,TRA:TGTGCAGCAAGCCTCCTTTATGGTGGTGCTACAAACAAGCTCATCTTT;TRB:TGTGCCAGCAGGCGGGGTGGAGATCTGAACACTGAAGCTTTCTTT
clonotype339,1,0.00244498777506,TRA:CIPSYSGAGSYQLTF;TRB:CASSLFTGDLAGSSGELFF,TRA:TGCATCCCATCATACTCTGGGGCTGGGAGTTACCAACTCACTTTC;TRB:TGTGCCAGCAGCCTCTTTACGGGCGACCTAGCGGGGTCTTCCGGGGAGCTGTTTTTT
clonotype338,1,0.00244498777506,TRA:CAASVNTGNQFYF;TRB:CASSPPSAEQFF,TRA:TGTGCAGCAAGCGTAAACACCGGTAACCAGTTCTATTTT;TRB:TGCGCCAGCAGCCCGCCCTCGGCGGAGCAGTTCTTC
clonotype232,1,0.00244498777506,TRA:CIGLPYSGNTPLVF;TRB:CASSFGSSGITTYEQYF,TRA:TGCATCGGGCTACCTTATTCAGGAAACACACCTCTTGTCTTT;TRB:TGCGCCAGCAGCTTTGGGTCGTCAGGGATCACGACCTACGAGCAGTACTTC
clonotype233,1,0.00244498777506,TRB:CATSRDFQGTGNTIYF,TRB:TGTGCCACCAGCAGAGATTTTCAGGGAACTGGAAACACCATATATTTT
clonotype234,1,0.00244498777506,TRB:CSAPRRTSGSNTGELFF,TRB:TGCAGTGCTCCAAGACGGACGAGCGGGAGTAACACCGGGGAGCTGTTTTTT
clonotype235,1,0.00244498777506,TRA:CALSVATPGANNLFF;TRB:CASSMDRAHYEQYF,TRA:TGTGCTCTGAGTGTTGCAACCCCCGGGGCAAACAACCTCTTCTTT;TRB:TGTGCCAGCAGTATGGACAGGGCCCACTACGAGCAGTACTTC
clonotype236,1,0.00244498777506,TRA:CAASNLRVGSGGYNKLIF;TRB:CASSLMGSDTQYF,TRA:TGTGCAGCAAGCAACCTCCGGGTAGGGTCTGGTGGCTACAATAAGCTGATTTTT;TRB:TGTGCCAGCAGTTTAATGGGTTCAGATACGCAGTATTTT
clonotype237,1,0.00244498777506,TRA:CIVGFGGNAGNMLTF;TRB:CASSYGGGQTQETQYF,TRA:TGCATCGTGGGATTCGGGGGTAATGCAGGCAACATGCTCACCTTT;TRB:TGTGCCAGCAGTTACGGGGGGGGACAGACGCAAGAGACCCAGTACTTC
clonotype230,1,0.00244498777506,TRB:CASSFTSGVLSSADTQYF,TRB:TGTGCCAGCAGCTTCACTAGCGGGGTCCTCTCTTCGGCAGATACGCAGTATTTT
clonotype231,1,0.00244498777506,TRB:CASSVVAGDTDTQYF,TRB:TGTGCCAGCAGCGTAGTAGCGGGGGACACAGATACGCAGTATTTT
clonotype199,1,0.00244498777506,TRA:CAAVSGGSNYKLTF;TRB:CASSPGRSSYNEQFF,TRA:TGTGCAGCAGTGAGTGGAGGTAGCAACTATAAACTGACATTT;TRB:TGTGCCAGCTCACCGGGCAGGAGCTCCTACAATGAGCAGTTCTTC
clonotype198,1,0.00244498777506,TRA:CAASPSSSGSARQLTF;TRB:CASTAGHNEFF,TRA:TGTGCAGCAAGCCCATCCTCCTCTGGTTCTGCAAGGCAACTGACCTTT;TRB:TGTGCCAGCACAGCAGGACATAATGAGTTCTTC
clonotype195,1,0.00244498777506,TRA:CAVIPINDYKLSF;TRB:CASSPRTGGGTDTQYF,TRA:TGTGCCGTGATCCCAATTAACGACTACAAGCTCAGCTTT;TRB:TGTGCCAGCAGCCCGAGGACAGGCGGGGGGACAGATACGCAGTATTTT
clonotype194,1,0.00244498777506,TRA:CALNLGEARLMF;TRB:CASSPLLGVNTEAFF,TRA:TGTGCTCTAAACCTCGGGGAGGCCAGACTCATGTTT;TRB:TGTGCCAGCAGCCCGCTGCTGGGCGTGAACACTGAAGCTTTCTTT
clonotype197,1,0.00244498777506,TRA:CAVLSGAGSYQLTF;TRB:CATSRGQGSPGNTIYF,TRA:TGTGCTGTATTGTCTGGGGCTGGGAGTTACCAACTCACTTTC;TRB:TGTGCCACCAGCAGAGGACAGGGGAGCCCTGGAAACACCATATATTTT
clonotype196,1,0.00244498777506,TRA:CALQNQAGTALIF;TRA:CVVSDPPGTGTASKLTF;TRB:CATSISETTNEKLFF,TRA:TGTGCTCTCCAAAACCAGGCAGGAACTGCTCTGATCTTT;TRA:TGTGTTGTGAGTGACCCCCCGGGTACCGGCACTGCCAGTAAACTCACCTTT;TRB:TGTGCCACCAGCATTTCGGAAACAACTAATGAAAAACTGTTTTTT
clonotype191,1,0.00244498777506,TRA:CAVDTNNNDMRF;TRB:CAAGGGKSNQPQHF,TRA:TGTGCCGTGGACACGAATAACAATGACATGCGCTTT;TRB:TGTGCCGCTGGTGGGGGAAAAAGCAATCAGCCCCAGCATTTT
clonotype190,1,0.00244498777506,TRA:CAVRSYSGAGSYQLTF;TRB:CASSLEMAGGRETQYF,TRA:TGTGCTGTGAGATCATACTCTGGGGCTGGGAGTTACCAACTCACTTTC;TRB:TGTGCCAGCAGCTTGGAGATGGCGGGGGGACGAGAGACCCAGTACTTC
clonotype193,1,0.00244498777506,TRA:CALSGPGANSKLTF;TRB:CASSHRINYGYTF,TRA:TGTGCTCTGAGTGGTCCCGGAGCCAATAGTAAGCTGACATTT;TRB:TGTGCCAGCAGCCACAGGATTAACTATGGCTACACCTTC
clonotype192,1,0.00244498777506,TRA:CLLGKTGTASKLTF;TRA:CAVCNNNARLMF;TRB:CASSQQGVVNSPLHF,TRA:TGTCTTCTGGGAAAAACCGGCACTGCCAGTAAACTCACCTTT;TRA:TGTGCTGTCTGTAATAACAATGCCAGACTCATGTTT;TRB:TGTGCCAGCAGTCAACAGGGTGTTGTTAATTCACCCCTCCACTTT
clonotype344,1,0.00244498777506,TRA:CAGRHNTDKLIF;TRB:CASSPGGAKRYF,TRA:TGTGCAGGACGTCATAACACCGACAAGCTCATCTTT;TRB:TGTGCCAGTAGTCCGGGGGGGGCCAAGAGGTACTTC
clonotype345,1,0.00244498777506,TRB:CATSPGQGVNNEQFF,TRB:TGTGCCACCAGTCCGGGACAGGGGGTAAACAATGAGCAGTTCTTC
clonotype346,1,0.00244498777506,TRA:CAGARTGTASKLTF;TRB:CSALMGAGWGLGETQYF,TRA:TGTGCAGGAGCACGGACCGGCACTGCCAGTAAACTCACCTTT;TRB:TGCAGTGCCCTAATGGGGGCAGGGTGGGGATTGGGGGAGACCCAGTACTTC
clonotype347,1,0.00244498777506,TRA:CAGRHNTDKLIF;TRB:CASSIVPLNQPQHF,TRA:TGTGCAGGACGTCATAACACCGACAAGCTCATCTTT;TRB:TGTGCCAGTAGTATAGTCCCTCTCAATCAGCCCCAGCATTTT
clonotype340,1,0.00244498777506,TRA:CALMDSSYKLIF;TRB:CAISEGSGTGGSPLHF,TRA:TGTGCTCTGATGGATAGCAGCTATAAATTGATCTTC;TRB:TGTGCCATCAGTGAGGGAAGTGGGACAGGGGGTTCACCCCTCCACTTT
clonotype341,1,0.00244498777506,TRA:CALSSPGSGNQFYF;TRB:CASSLEGQFYEKLFF,TRA:TGTGCTCTGAGTTCCCCCGGTTCGGGTAACCAGTTCTATTTT;TRB:TGCGCCAGCAGCTTGGAAGGCCAGTTTTATGAAAAACTGTTTTTT
clonotype342,1,0.00244498777506,TRA:CAASPELTF;TRB:CASSYVGYGYTF,TRA:TGTGCAGCAAGCCCCGAACTGACCTTT;TRB:TGTGCCAGCAGTTACGTGGGGTATGGCTACACCTTC
clonotype343,1,0.00244498777506,TRA:CAVGAKEYGNKLVF;TRB:CASSLDDRTASF,TRA:TGTGCTGTGGGTGCGAAGGAATATGGAAACAAACTGGTCTTT;TRB:TGTGCCAGCAGCTTAGATGACAGGACAGCGTCCTTC
clonotype160,1,0.00244498777506,TRB:CASSRSSWSLHF,TRB:TGTGCCAGCAGTCGAAGTAGTTGGAGCCTCCACTTT
clonotype161,1,0.00244498777506,TRB:CASSLGVGQGARNEQFF,TRB:TGTGCCAGCAGTTTGGGAGTGGGGCAGGGGGCGCGCAATGAGCAGTTCTTC
clonotype162,1,0.00244498777506,TRB:CASGPSVKLYEQFF,TRB:TGTGCTAGTGGCCCCAGTGTTAAGCTCTATGAGCAGTTCTTC
clonotype163,1,0.00244498777506,TRA:CAVNEGNAGNMLTF;TRB:CASSSLTGPRAYGYTF,TRA:TGTGCCGTGAATGAGGGAAATGCAGGCAACATGCTCACCTTT;TRB:TGTGCCAGCAGCTCCTTAACAGGCCCTAGAGCCTATGGCTACACCTTC
clonotype164,1,0.00244498777506,TRB:CASSYGSIYLEGYGYTF,TRB:TGTGCCAGCAGTTACGGCTCTATTTATCTGGAGGGCTATGGCTACACCTTC
clonotype165,1,0.00244498777506,TRA:CAVLHFSGGYQKVTF;TRB:CASSEWGQGSLEQYF,TRA:TGTGCTGTACTTCACTTTTCTGGGGGTTACCAGAAAGTTACCTTT;TRB:TGTGCCAGCAGTGAGTGGGGACAGGGGTCCCTGGAGCAGTACTTC
clonotype166,1,0.00244498777506,TRB:CAILSYGDPYNEQFF,TRB:TGTGCCATCCTATCGTACGGGGATCCTTACAATGAGCAGTTCTTC
clonotype167,1,0.00244498777506,TRA:CAVPSGGTSYGKLTF;TRB:CSADAGPGETQYF,TRA:TGTGCCGTGCCCTCGGGTGGTACTAGCTATGGAAAGCTGACATTT;TRB:TGCAGTGCTGACGCGGGTCCTGGGGAGACCCAGTACTTC
clonotype168,1,0.00244498777506,TRA:CAESQAGTALIF;TRB:CASGLAPETDTQYF,TRA:TGTGCAGAGTCTCAGGCAGGAACTGCTCTGATCTTT;TRB:TGTGCTAGTGGTTTGGCCCCAGAGACAGATACGCAGTATTTT
clonotype169,1,0.00244498777506,TRA:CAVYKGSGGGSYIPTF,TRA:TGTGCTGTGTATAAAGGATCGGGAGGAGGAAGCTACATACCTACATTT
clonotype308,1,0.00244498777506,TRA:CAVLTRRDDKIIF;TRB:CASSFTGTGMTRNQPQHF,TRA:TGTGCCGTCCTAACTCGGAGAGATGACAAGATCATCTTT;TRB:TGTGCCAGCAGCTTTACCGGGACAGGGATGACTCGGAATCAGCCCCAGCATTTT
clonotype309,1,0.00244498777506,TRB:CASSLDREAFF,TRB:TGTGCCAGCAGCCTGGACAGGGAAGCTTTCTTT
clonotype300,1,0.00244498777506,TRA:CAALAVNYGGSQGNLIF;TRB:CASSHTGETGANVLTF,TRA:TGTGCCGCCCTGGCAGTGAATTATGGAGGAAGCCAAGGAAATCTCATCTTT;TRB:TGCGCCAGCAGCCATACAGGGGAAACTGGGGCCAACGTCCTGACTTTC
clonotype301,1,0.00244498777506,TRB:CASSEGGPQETQYF,TRB:TGTGCCAGCAGCGAGGGGGGCCCCCAAGAGACCCAGTACTTC
clonotype302,1,0.00244498777506,TRA:CAVERVGQGAQKLVF;TRB:CASSNGISGSYEQYF;TRB:CASSVSNIQYF,TRA:TGTGCTGTGGAGAGGGTGGGCCAGGGAGCCCAGAAGCTGGTATTT;TRB:TGTGCCAGCAGCAATGGGATTAGCGGTTCCTACGAGCAGTACTTC;TRB:TGTGCCAGCAGTGTATCAAACATTCAGTACTTC
clonotype303,1,0.00244498777506,TRA:CILSSPNQGGKLIF;TRB:CSAHGTGGKNTIYF,TRA:TGCATCCTGAGCTCGCCGAACCAGGGAGGAAAGCTTATCTTC;TRB:TGCAGTGCTCATGGGACAGGGGGGAAAAACACCATATATTTT
clonotype304,1,0.00244498777506,TRA:CAASGTTSGTYKYIF;TRB:CASSLVRQYNEQFF,TRA:TGTGCAGCAAGCGGGACTACCTCAGGAACCTACAAATACATCTTT;TRB:TGTGCCAGCAGCTTAGTGCGCCAGTACAATGAGCAGTTCTTC
clonotype305,1,0.00244498777506,TRA:CAVRGYSGAGSYQLTF;TRB:CASSLSAEGLYEQYF,TRA:TGTGCTGTGAGAGGGTACTCTGGGGCTGGGAGTTACCAACTCACTTTC;TRB:TGTGCCAGCAGCTTGTCGGCGGAGGGACTCTACGAGCAGTACTTC
clonotype306,1,0.00244498777506,TRA:CAENTPLAGGGSEKLVF;TRB:CASSQAYRLALSYTF,TRA:TGTGCAGAGAATACCCCTCTCGCTGGGGGCGGATCTGAAAAGCTGGTCTTT;TRB:TGCGCCAGCAGCCAAGCCTACAGGCTGGCACTTAGCTACACCTTC
clonotype307,1,0.00244498777506,TRA:CAVLSGNAGNMLTF;TRB:CASSLYGTVTEAFF,TRA:TGTGCCGTCCTCTCGGGGAATGCAGGCAACATGCTCACCTTT;TRB:TGTGCCAGCAGTTTATACGGGACAGTCACTGAAGCTTTCTTT
clonotype267,1,0.00244498777506,TRB:CASSAGRNNSPLHF,TRB:TGTGCCAGCAGCGCGGGACGGAATAATTCACCCCTCCACTTT
clonotype266,1,0.00244498777506,TRB:CASSSPGGAGRTGELFF,TRB:TGCGCCAGCAGCTCCCCGGGAGGAGCGGGGCGCACCGGGGAGCTGTTTTTT
clonotype265,1,0.00244498777506,TRA:CAVDYNDMRF;TRA:CAVGASGGSYIPTF;TRB:CASSQGTQGGKQETQYF;TRB:CASSVRLRAGDTEAFF,TRA:TGTGCCGTGGACTACAATGACATGCGCTTT;TRA:TGTGCTGTGGGTGCATCAGGAGGAAGCTACATACCTACATTT;TRB:TGTGCCAGCAGCCAAGGCACCCAGGGGGGTAAGCAAGAGACCCAGTACTTC;TRB:TGTGCCAGCAGCGTAAGGCTTCGGGCAGGGGACACTGAAGCTTTCTTT
clonotype264,1,0.00244498777506,TRA:CTVASNTGKLIF;TRB:CASSFGLAGGTDTQYF,TRA:TGCACCGTCGCTAGCAACACAGGCAAACTAATCTTT;TRB:TGTGCCAGCAGCTTCGGACTAGCGGGGGGCACAGATACGCAGTATTTT
clonotype263,1,0.00244498777506,TRA:CAGGYSSASKIIF,TRA:TGTGCCGGGGGGTACAGCAGTGCTTCCAAGATAATCTTT
clonotype262,1,0.00244498777506,TRA:CAVRVDSSYKLIF;TRB:CASSTSGYLGTDTQYF,TRA:TGTGCTGTGAGGGTGGATAGCAGCTATAAATTGATCTTC;TRB:TGTGCCAGCTCAACTTCAGGCTACCTAGGCACAGATACGCAGTATTTT
clonotype261,1,0.00244498777506,TRB:CASSIRQGHTEAFF,TRB:TGTGCCAGCAGCATACGACAGGGCCACACTGAAGCTTTCTTT
clonotype260,1,0.00244498777506,TRA:CAMRGGTGNQFYF;TRB:CASSLAIGGYEQYF,TRA:TGTGCAATGAGAGGTGGCACCGGTAACCAGTTCTATTTT;TRB:TGTGCCAGCAGCTTAGCGATCGGGGGCTACGAGCAGTACTTC
clonotype269,1,0.00244498777506,TRB:CASNPGVNTGELFF,TRB:TGTGCCAGCAACCCGGGGGTAAACACCGGGGAGCTGTTTTTT
clonotype268,1,0.00244498777506,TRA:CAMRESYNQGGKLIF;TRB:CASSPEDRRNTEAFF,TRA:TGTGCAATGAGAGAATCTTATAACCAGGGAGGAAAGCTTATCTTC;TRB:TGTGCCAGCAGCCCCGAGGACAGGAGGAACACTGAAGCTTTCTTT
