clonotype_id,consensus_id,length,chain,v_gene,d_gene,j_gene,c_gene,full_length,productive,cdr3,cdr3_nt,reads,umis
clonotype100,clonotype100_consensus_1,527,TRB,TRBV6-5,None,TRBJ1-3,TRBC1,True,True,CASSYFRSGQGPGNTIYF,TGTGCCAGCAGTTACTTTCGATCGGGACAGGGACCTGGAAACACCATATATTTT,33552,9
clonotype101,clonotype101_consensus_1,480,TRA,TRAV38-1,None,TRAJ49,TRAC,True,True,CAFDGIGPGNQFYF,TGTGCTTTTGACGGAATTGGTCCCGGTAACCAGTTCTATTTT,29688,9
clonotype101,clonotype101_consensus_2,506,TRB,TRBV5-1,None,TRBJ1-1,TRBC1,True,True,CASSLSTGYHEAFF,TGCGCCAGCAGCTTATCAACAGGGTACCATGAAGCTTTCTTT,42126,11
clonotype102,clonotype102_consensus_1,590,TRA,TRAV16,None,TRAJ5,TRAC,True,True,CALRRWTGRRALTF,TGTGCTCTAAGAAGGTGGACGGGCAGGAGAGCACTTACTTTT,18470,4
clonotype102,clonotype102_consensus_2,512,TRB,TRBV6-5,None,TRBJ2-2,TRBC2,True,True,CATRTANTGELFF,TGTGCCACTAGGACAGCGAACACCGGGGAGCTGTTTTTT,44698,9
clonotype103,clonotype103_consensus_1,519,TRA,TRAV30,None,TRAJ29,TRAC,True,True,CGTEENWGNTPLVF,TGCGGCACAGAGGAGAATTGGGGAAACACACCTCTTGTCTTT,37660,6
clonotype103,clonotype103_consensus_2,555,TRB,TRBV30,None,TRBJ1-3,TRBC1,True,True,CAWTDGNSGNTIYF,TGTGCCTGGACCGACGGAAACTCTGGAAACACCATATATTTT,12516,5
clonotype104,clonotype104_consensus_1,518,TRB,TRBV6-5,None,TRBJ2-1,TRBC2,True,True,CASGQGDRPYNEQFF,TGTGCCAGCGGGCAGGGGGACAGACCTTACAATGAGCAGTTCTTC,67708,11
clonotype104,clonotype104_consensus_2,615,TRA,TRAV3,None,TRAJ40,TRAC,True,True,CAVRETGTYKYIF,TGTGCTGTGAGAGAAACAGGAACCTACAAATACATCTTT,4838,4
clonotype105,clonotype105_consensus_1,488,TRB,TRBV7-2,None,TRBJ1-2,TRBC1,True,True,CASSLTRMSGYTF,TGTGCCAGCAGCTTAACTAGGATGAGTGGCTACACCTTC,22856,9
clonotype106,clonotype106_consensus_1,529,TRA,TRAV14/DV4,None,TRAJ44,TRAC,True,True,CAMREGEGGTASKLTF,TGTGCAATGAGAGAGGGCGAGGGCGGCACTGCCAGTAAACTCACCTTT,29382,11
clonotype106,clonotype106_consensus_2,493,TRB,TRBV9,None,TRBJ1-2,TRBC1,True,True,CASTTGGPYGYTF,TGTGCCAGCACGACAGGGGGCCCTTATGGCTACACCTTC,45836,19
clonotype107,clonotype107_consensus_1,513,TRB,TRBV7-9,None,TRBJ2-3,TRBC2,True,True,CASSPGGAKWYTDTQYF,TGTGCCAGCAGCCCGGGAGGGGCTAAGTGGTACACAGATACGCAGTATTTT,25244,4
clonotype107,clonotype107_consensus_2,582,TRA,TRAV8-4,None,TRAJ45,TRAC,True,True,CAVSDDKYSGGGADGLTF,TGTGCTGTGAGTGACGATAAATATTCAGGAGGAGGTGCTGACGGACTCACCTTT,16320,2
clonotype108,clonotype108_consensus_1,481,TRA,TRAV38-2/DV8,None,TRAJ45,TRAC,True,True,CAYRTPPSGGGADGLTF,TGTGCTTATAGGACCCCACCTTCAGGAGGAGGTGCTGACGGACTCACCTTT,16904,2
clonotype108,clonotype108_consensus_2,627,TRB,TRBV19,None,TRBJ2-4,TRBC2,True,True,CASSPGGAKRYF,TGTGCCAGTAGTCCGGGGGGGGCCAAGAGGTACTTC,21242,5
clonotype108,clonotype108_consensus_3,530,TRA,TRAV27,None,TRAJ56,TRAC,True,True,CAGDYTGANSKLTF,TGTGCTGGAGATTATACTGGAGCCAATAGTAAGCTGACATTT,9734,1
clonotype109,clonotype109_consensus_1,657,TRB,TRBV19,None,TRBJ1-1,TRBC1,True,True,CASKPGPLTTEAFF,TGTGCCAGTAAACCTGGACCCCTGACCACTGAAGCTTTCTTT,40962,12
clonotype109,clonotype109_consensus_2,456,TRA,TRAV13-1,None,TRAJ16,TRAC,True,True,CAALSDGQKLLF,TGTGCAGCACTTTCAGATGGCCAGAAGCTGCTCTTT,14694,4
clonotype10,clonotype10_consensus_1,511,TRB,TRBV5-1,None,TRBJ2-7,TRBC2,True,True,CASSLAGTTYEQYF,TGCGCCAGCAGCTTGGCAGGCACCACCTACGAGCAGTACTTC,181784,40
clonotype10,clonotype10_consensus_2,538,TRA,TRAV17,None,TRAJ53,TRAC,True,True,CATENSGGSNYKLTF,TGTGCTACGGAGAATAGTGGAGGTAGCAACTATAAACTGACATTT,27672,9
clonotype110,clonotype110_consensus_1,533,TRA,TRAV27,None,TRAJ37,TRAC,True,True,CAGQHGSSNTGKLIF,TGTGCAGGTCAACATGGCTCTAGCAACACAGGCAAACTAATCTTT,24350,2
clonotype110,clonotype110_consensus_2,496,TRB,TRBV3-1,None,TRBJ1-3,TRBC1,True,True,CASSQWARRDTIYF,TGTGCCAGCAGCCAATGGGCCCGACGGGACACCATATATTTT,33814,6
clonotype111,clonotype111_consensus_1,486,TRB,TRBV4-1,None,TRBJ2-5,TRBC2,True,True,CASSPDSEETQYF,TGCGCCAGCAGCCCGGACAGTGAAGAGACCCAGTACTTC,13726,6
clonotype111,clonotype111_consensus_2,531,TRA,TRAV5,None,TRAJ28,TRAC,True,True,CAASGAGSYQLTF,TGTGCAGCATCTGGGGCTGGGAGTTACCAACTCACTTTC,30266,5
clonotype112,clonotype112_consensus_1,502,TRB,TRBV7-3,None,TRBJ2-3,TRBC2,True,True,CASSLAGGLDTQYF,TGTGCCAGCAGCTTAGCGGGGGGCCTGGATACGCAGTATTTT,20656,4
clonotype112,clonotype112_consensus_2,579,TRA,TRAV8-3,None,TRAJ43,TRAC,True,True,CAVGAITMRF,TGTGCTGTGGGTGCTATCACCATGCGCTTT,18260,3
clonotype113,clonotype113_consensus_1,502,TRB,TRBV9,None,TRBJ1-1,TRBC1,True,True,CASSVRLRAGDTEAFF,TGTGCCAGCAGCGTAAGGCTTCGGGCAGGGGACACTGAAGCTTTCTTT,17450,6
clonotype113,clonotype113_consensus_2,482,TRA,TRAV39,None,TRAJ43,TRAC,True,True,CAVDYNDMRF,TGTGCCGTGGACTACAATGACATGCGCTTT,7562,1
clonotype114,clonotype114_consensus_1,505,TRB,TRBV7-3,None,TRBJ2-3,TRBC2,True,True,CASSSRVGPGDTQYF,TGTGCCAGCAGTTCCAGGGTAGGGCCGGGGGATACGCAGTATTTT,6436,1
clonotype114,clonotype114_consensus_2,577,TRA,TRAV8-1,None,TRAJ21,TRAC,True,True,CAVNPLLGNFNKFYF,TGTGCCGTGAACCCTCTCCTAGGGAACTTCAACAAATTTTACTTT,11450,3
clonotype115,clonotype115_consensus_1,506,TRB,TRBV5-1,None,TRBJ2-2,TRBC2,True,True,CASSTGLAANTGELFF,TGCGCCAGCAGCACCGGACTTGCGGCGAACACCGGGGAGCTGTTTTTT,37642,14
clonotype115,clonotype115_consensus_2,583,TRA,TRAV26-1,None,TRAJ44,TRAC,True,True,CIVRVAISAGTASKLTF,TGCATCGTCAGAGTCGCGATTTCCGCCGGCACTGCCAGTAAACTCACCTTT,17630,6
clonotype116,clonotype116_consensus_1,519,TRB,TRBV12-4,None,TRBJ1-5,TRBC1,True,True,CASSPRGGGRQQPNQPQHF,TGTGCCAGCAGTCCACGGGGAGGGGGTCGACAACAACCGAATCAGCCCCAGCATTTT,15810,2
clonotype117,clonotype117_consensus_1,489,TRA,TRAV13-2,None,TRAJ16,TRAC,True,True,CAETASDGQKLLF,TGTGCAGAGACCGCCTCAGATGGCCAGAAGCTGCTCTTT,26120,14
clonotype117,clonotype117_consensus_2,502,TRB,TRBV7-3,None,TRBJ2-1,TRBC2,True,True,CASSFGPGNNEQFF,TGTGCCAGCAGCTTTGGGCCCGGCAATAATGAGCAGTTCTTC,35294,20
clonotype118,clonotype118_consensus_1,575,TRA,TRAV22,None,TRAJ52,TRAC,True,True,CAVRTSAGGTSYGKLTF,TGTGCTGTGCGGACCAGTGCTGGTGGTACTAGCTATGGAAAGCTGACATTT,17142,7
clonotype118,clonotype118_consensus_2,532,TRB,TRBV6-2,None,TRBJ2-3,TRBC2,True,True,CASTEGWWGTDTQYF,TGTGCCAGCACCGAGGGGTGGTGGGGCACAGATACGCAGTATTTT,8836,5
clonotype118,clonotype118_consensus_3,506,TRB,TRBV6-1,None,TRBJ1-6,TRBC1,True,True,CASSERQYNSPLHF,TGTGCCAGCAGTGAAAGACAGTATAATTCACCCCTCCACTTT,6786,6
clonotype118,clonotype118_consensus_4,460,TRA,TRAV10,None,TRAJ49,TRAC,True,True,CVVSPPF,TGTGTGGTGAGCCCCCCATTT,32936,16
clonotype119,clonotype119_consensus_1,465,TRB,TRBV28,None,TRBJ2-3,TRBC2,True,True,CASKSLGTDTQYF,TGTGCCAGCAAGTCTCTAGGCACAGATACGCAGTATTTT,32628,13
clonotype119,clonotype119_consensus_2,459,TRA,TRAV13-1,None,TRAJ7,TRAC,True,True,CAASRSLGNRLAF,TGTGCAGCAAGTAGAAGCTTGGGCAACAGACTCGCTTTT,42738,14
clonotype11,clonotype11_consensus_1,508,TRB,TRBV14,None,TRBJ1-1,TRBC1,True,True,CASSQDLRDEAFF,TGTGCCAGCAGCCAAGATCTGCGGGATGAAGCTTTCTTT,85190,18
clonotype11,clonotype11_consensus_2,498,TRA,TRAV12-3,None,TRAJ40,TRAC,True,True,CAFTTSGTYKYIF,TGTGCATTTACTACCTCAGGAACCTACAAATACATCTTT,55748,10
clonotype120,clonotype120_consensus_1,510,TRB,TRBV7-9,None,TRBJ1-1,TRBC1,True,True,CASSLDLGFDTEAFF,TGTGCCAGCAGCCTAGACCTCGGTTTTGACACTGAAGCTTTCTTT,27074,5
clonotype120,clonotype120_consensus_2,637,TRA,TRAV8-6,None,TRAJ30,TRAC,True,True,CAVSIRDDKIIF,TGTGCTGTGAGCATCAGAGATGACAAGATCATCTTT,304,2
clonotype121,clonotype121_consensus_1,511,TRA,TRAV17,None,TRAJ15,TRAC,True,True,CATDHQAGTALIF,TGTGCTACGGATCACCAGGCAGGAACTGCTCTGATCTTT,10112,1
clonotype121,clonotype121_consensus_2,483,TRB,TRBV11-2,None,TRBJ2-3,TRBC2,True,True,CASSLGTGGADTQYF,TGTGCCAGCAGCTTAGGGACAGGGGGGGCAGATACGCAGTATTTT,48132,11
clonotype122,clonotype122_consensus_1,477,TRA,TRAV38-1,None,TRAJ44,TRAC,True,True,CAFMKLGTASKLTF,TGTGCTTTCATGAAGCTCGGCACTGCCAGTAAACTCACCTTT,8614,2
clonotype122,clonotype122_consensus_2,521,TRA,TRAV27,None,TRAJ42,TRAC,True,True,CAGAMHGGSQGNLIF,TGTGCAGGAGCTATGCATGGAGGAAGCCAAGGAAATCTCATCTTT,7030,3
clonotype122,clonotype122_consensus_3,515,TRB,TRBV6-5,None,TRBJ2-3,TRBC2,True,True,CASSPGTSVYTQYF,TGTGCCAGCAGCCCCGGGACTAGCGTTTATACGCAGTATTTT,21554,5
clonotype123,clonotype123_consensus_1,505,TRB,TRBV5-6,None,TRBJ2-7,TRBC2,True,True,CASSFRGTSGGQQTYEQYF,TGTGCCAGCAGCTTTCGGGGTACTAGCGGGGGTCAACAAACCTACGAGCAGTACTTC,9558,3
clonotype123,clonotype123_consensus_2,502,TRA,TRAV29/DV5,None,TRAJ54,TRAC,True,True,CAQGAQKLVF,TGTGCTCAGGGAGCCCAGAAGCTGGTATTT,9294,3
clonotype124,clonotype124_consensus_1,509,TRB,TRBV6-1,None,TRBJ2-5,TRBC2,True,True,CASSDGQGVGETQYF,TGTGCCAGCAGTGATGGGCAGGGTGTAGGGGAGACCCAGTACTTC,13802,4
clonotype124,clonotype124_consensus_2,544,TRA,TRAV12-2,None,TRAJ33,TRAC,True,True,CAVPMDSNYQLIW,TGTGCCGTCCCCATGGATAGCAACTATCAGTTAATCTGG,22050,4
clonotype125,clonotype125_consensus_1,492,TRB,TRBV20-1,None,TRBJ2-7,TRBC2,True,True,CSAATTGYEQYF,TGCAGTGCAGCTACGACAGGCTACGAGCAGTACTTC,28870,6
clonotype126,clonotype126_consensus_1,511,TRB,TRBV3-1,None,TRBJ2-1,TRBC2,True,True,CASSRRLAGGSPVLHRQFF,TGTGCCAGCAGCCGACGACTAGCGGGGGGGTCCCCCGTACTACATCGGCAGTTCTTC,53318,9
clonotype127,clonotype127_consensus_1,484,TRB,TRBV4-3,None,TRBJ1-5,TRBC1,True,True,CASSQGVGQGGQPQHF,TGCGCCAGCAGCCAAGGAGTGGGACAGGGCGGTCAGCCCCAGCATTTT,27378,19
clonotype127,clonotype127_consensus_2,518,TRA,TRAV27,None,TRAJ22,TRAC,True,True,CAGPISGSARQLTF,TGTGCAGGGCCCATTTCTGGTTCTGCAAGGCAACTGACCTTT,4216,2
clonotype127,clonotype127_consensus_3,508,TRA,TRAV1-2,None,TRAJ41,TRAC,True,True,CAVHSNSGYALNF,TGTGCTGTTCACTCAAATTCCGGGTATGCACTCAACTTC,6052,2
clonotype127,clonotype127_consensus_4,500,TRB,TRBV7-6,None,TRBJ2-1,TRBC2,True,True,CASSRLQGSGDEQFF,TGTGCCAGCAGCCGCCTCCAGGGTAGCGGTGATGAGCAGTTCTTC,25390,13
clonotype128,clonotype128_consensus_1,506,TRB,TRBV6-1,None,TRBJ1-6,TRBC1,True,True,CASSERQYNSPLHF,TGTGCCAGCAGTGAAAGACAGTATAATTCACCCCTCCACTTT,9712,2
clonotype129,clonotype129_consensus_1,569,TRB,TRBV4-2,None,TRBJ1-2,TRBC1,True,True,CASSQDPPGQINYGYTF,TGTGCCAGCAGCCAAGATCCTCCGGGACAGATTAACTATGGCTACACCTTC,52808,9
clonotype12,clonotype12_consensus_1,530,TRB,TRBV20-1,None,TRBJ2-1,TRBC2,True,True,CSAGGLAGVGVGNEQFF,TGCAGTGCCGGGGGACTAGCGGGAGTCGGGGTGGGAAATGAGCAGTTCTTC,67054,16
clonotype12,clonotype12_consensus_2,505,TRA,TRAV1-2,None,TRAJ34,TRAC,True,True,CAVRGLTDKLIF,TGTGCTGTGAGAGGCCTCACCGACAAGCTCATCTTT,7972,3
clonotype130,clonotype130_consensus_1,495,TRA,TRAV12-3,None,TRAJ34,TRAC,True,True,CAMSEGTDKLIF,TGTGCAATGAGCGAGGGCACCGACAAGCTCATCTTT,14262,12
clonotype130,clonotype130_consensus_2,481,TRB,TRBV5-6,None,TRBJ1-1,TRBC1,True,True,CASSFRGIMNTEAFF,TGTGCCAGCAGCTTCCGGGGAATCATGAACACTGAAGCTTTCTTT,14214,10
clonotype130,clonotype130_consensus_3,489,TRB,TRBV6-6,None,TRBJ2-7,TRBC2,True,True,CASSSGAYEQYF,TGTGCCAGCAGCTCGGGGGCCTACGAGCAGTACTTC,30800,7
clonotype131,clonotype131_consensus_1,527,TRB,TRBV6-5,None,TRBJ1-2,TRBC1,True,True,CASSYSVSGTTGLAGYTF,TGTGCCAGCAGTTACTCGGTGTCAGGGACCACGGGGCTGGCTGGCTACACCTTC,64186,17
clonotype132,clonotype132_consensus_1,659,TRB,TRBV5-6,None,TRBJ2-1,TRBC2,True,True,CASSLAGSYNEQFF,TGTGCCAGCAGCTTGGCAGGGTCCTACAATGAGCAGTTCTTC,25194,7
clonotype132,clonotype132_consensus_2,568,TRA,TRAV19,None,TRAJ58,TRAC,True,True,CALSEEGTSGSRLTF,TGTGCTCTGAGTGAGGAAGGAACCAGTGGCTCTAGGTTGACCTTT,20320,4
clonotype133,clonotype133_consensus_1,488,TRB,TRBV24-1,None,TRBJ1-1,TRBC1,True,True,CATSDIKGSNTEAFF,TGTGCCACCAGTGATATCAAAGGATCGAACACTGAAGCTTTCTTT,36390,11
clonotype133,clonotype133_consensus_2,491,TRA,TRAV39,None,TRAJ45,TRAC,True,True,CAVTPRGGGADGLTF,TGTGCCGTGACGCCGCGAGGAGGAGGTGCTGACGGACTCACCTTT,10700,4
clonotype133,clonotype133_consensus_3,499,TRB,TRBV9,None,TRBJ2-5,TRBC2,True,True,CASSVGGGAAETQYF,TGTGCCAGCAGCGTAGGTGGGGGGGCGGCGGAGACCCAGTACTTC,28814,9
clonotype134,clonotype134_consensus_1,473,TRA,TRAV29/DV5,None,TRAJ27,TRAC,True,True,CAANRNTNAGKSTF,TGTGCAGCAAACCGTAACACCAATGCAGGCAAATCAACCTTT,11966,1
clonotype134,clonotype134_consensus_2,517,TRB,TRBV4-3,None,TRBJ1-5,TRBC1,True,True,CASSQGVGQGGQPQHF,TGCGCCAGCAGCCAAGGAGTGGGACAGGGCGGTCAGCCCCAGCATTTT,3452,2
clonotype134,clonotype134_consensus_3,524,TRB,TRBV6-5,None,TRBJ1-2,TRBC1,True,True,CASSSAGTATLNYGYTF,TGTGCCAGCAGTTCCGCCGGGACGGCGACCCTTAACTATGGCTACACCTTC,15942,7
clonotype135,clonotype135_consensus_1,485,TRB,TRBV9,None,TRBJ2-7,TRBC2,True,True,CASSPMRGQGVSEQYF,TGTGCCAGCAGCCCGATGAGGGGTCAGGGGGTCTCCGAGCAGTACTTC,22822,3
clonotype135,clonotype135_consensus_2,547,TRA,TRAV12-2,None,TRAJ3,TRAC,True,True,CAVKEPSSASKIIF,TGTGCCGTGAAAGAGCCCAGCAGTGCTTCCAAGATAATCTTT,8636,1
clonotype136,clonotype136_consensus_1,519,TRB,TRBV7-7,None,TRBJ2-2,TRBC2,True,True,CAILAPQVGELFF,TGTGCCATCCTGGCCCCACAAGTCGGGGAGCTGTTTTTT,63264,22
clonotype136,clonotype136_consensus_2,451,TRA,TRAV9-2,None,TRAJ53,TRAC,True,True,CALNSGGSNYKLTF,TGTGCTCTGAATAGTGGAGGTAGCAACTATAAACTGACATTT,13066,4
clonotype137,clonotype137_consensus_1,478,TRA,TRAV26-2,None,TRAJ40,TRAC,True,True,CILLSGTYKYIF,TGCATCCTTCTCTCAGGAACCTACAAATACATCTTT,5486,2
clonotype137,clonotype137_consensus_2,540,TRB,TRBV7-9,None,TRBJ2-7,TRBC2,True,True,CASSLLVSRGQDEQYF,TGTGCCAGCAGCTTGCTTGTTTCCCGGGGCCAAGACGAGCAGTACTTC,43064,7
clonotype138,clonotype138_consensus_1,475,TRA,TRAV17,None,TRAJ39,TRAC,True,True,CATAINNAGNMLTF,TGTGCTACGGCCATTAATAATGCAGGCAACATGCTCACCTTT,17784,3
clonotype138,clonotype138_consensus_2,650,TRB,TRBV5-4,None,TRBJ2-3,TRBC2,True,True,CASSLTSATDTQYF,TGTGCCAGCAGCTTAACTAGCGCCACAGATACGCAGTATTTT,50750,10
clonotype139,clonotype139_consensus_1,484,TRB,TRBV4-3,None,TRBJ1-5,TRBC1,True,True,CASSQGVGQGGQPQHF,TGCGCCAGCAGCCAAGGAGTGGGACAGGGCGGTCAGCCCCAGCATTTT,36770,18
clonotype139,clonotype139_consensus_2,488,TRB,TRBV4-1,None,TRBJ2-3,TRBC2,True,True,CASSQGGTDTQYF,TGCGCCAGCAGCCAAGGTGGCACAGATACGCAGTATTTT,16760,8
clonotype139,clonotype139_consensus_3,498,TRA,TRAV36/DV7,None,TRAJ30,TRAC,True,True,CAVGGGNRDDKIIF,TGTGCTGTGGGTGGGGGGAACAGAGATGACAAGATCATCTTT,14534,8
clonotype13,clonotype13_consensus_1,518,TRA,TRAV17,None,TRAJ37,TRAC,True,True,CATDRSSNTGKLIF,TGTGCTACGGACCGCTCTAGCAACACAGGCAAACTAATCTTT,40208,7
clonotype13,clonotype13_consensus_2,494,TRB,TRBV24-1,None,TRBJ2-1,TRBC2,True,True,CATSDSGLAGAYNEQFF,TGTGCCACCAGTGACTCCGGACTAGCGGGGGCCTACAATGAGCAGTTCTTC,98104,19
clonotype140,clonotype140_consensus_1,499,TRB,TRBV9,None,TRBJ1-3,TRBC1,True,True,CASSVGASSGNTIYF,TGTGCCAGCAGCGTAGGGGCCTCCTCTGGAAACACCATATATTTT,9758,3
clonotype141,clonotype141_consensus_1,654,TRB,TRBV19,None,TRBJ1-1,TRBC1,True,True,CASNAQSNTEAFF,TGTGCCAGTAACGCACAGTCGAACACTGAAGCTTTCTTT,39126,12
clonotype142,clonotype142_consensus_1,485,TRB,TRBV20-1,None,TRBJ1-6,TRBC1,True,True,CSARTGSPVTSLHF,TGCAGTGCTAGGACAGGCTCACCGGTGACTTCCCTCCACTTT,31120,10
clonotype142,clonotype142_consensus_2,517,TRA,TRAV1-2,None,TRAJ28,TRAC,True,True,CAVRGDSGAGSYQLTF,TGTGCTGTGAGGGGAGACTCTGGGGCTGGGAGTTACCAACTCACTTTC,13124,5
clonotype143,clonotype143_consensus_1,504,TRB,TRBV6-6,None,TRBJ2-2,TRBC2,True,True,CASSGGTGDANTGELFF,TGTGCCAGCAGCGGCGGAACAGGGGACGCGAACACCGGGGAGCTGTTTTTT,19228,3
clonotype143,clonotype143_consensus_2,517,TRA,TRAV23/DV6,None,TRAJ30,TRAC,True,True,CAASIVPMNRDDKIIF,TGTGCAGCAAGCATTGTCCCAATGAACAGAGATGACAAGATCATCTTT,8316,3
clonotype144,clonotype144_consensus_1,487,TRB,TRBV6-5,None,TRBJ2-2,TRBC2,True,True,CASSWGQGNTGELFF,TGTGCCAGCAGTTGGGGACAGGGGAACACCGGGGAGCTGTTTTTT,814,23
clonotype145,clonotype145_consensus_1,636,TRB,TRBV19,None,TRBJ1-5,TRBC1,True,True,CASSIVPLNQPQHF,TGTGCCAGTAGTATAGTCCCTCTCAATCAGCCCCAGCATTTT,13764,6
clonotype146,clonotype146_consensus_1,503,TRA,TRAV13-2,None,TRAJ49,TRAC,True,True,CAERGGNQFYF,TGTGCAGAAAGAGGAGGTAACCAGTTCTATTTT,8610,2
clonotype146,clonotype146_consensus_2,487,TRB,TRBV4-1,None,TRBJ1-1,TRBC1,True,True,CASSPQQGNMGGTEAFF,TGCGCCAGCAGCCCGCAACAGGGGAACATGGGAGGCACTGAAGCTTTCTTT,12630,2
clonotype147,clonotype147_consensus_1,555,TRA,TRAV39,None,TRAJ36,TRAC,True,True,CAVDTGANNLFF,TGTGCCGTGGACACTGGGGCAAACAACCTCTTCTTT,6022,1
clonotype147,clonotype147_consensus_2,477,TRB,TRBV25-1,None,TRBJ1-6,TRBC1,True,True,CASGDFGPLHF,TGTGCCAGCGGGGATTTCGGACCCCTCCACTTT,14280,5
clonotype148,clonotype148_consensus_1,462,TRA,TRAV36/DV7,None,TRAJ28,TRAC,True,True,CAPWAGSYQLTF,TGTGCGCCGTGGGCTGGGAGTTACCAACTCACTTTC,146,2
clonotype148,clonotype148_consensus_2,496,TRB,TRBV9,None,TRBJ2-7,TRBC2,True,True,CASSSGLVSYEQYF,TGTGCCAGCAGCTCGGGCCTCGTTTCCTACGAGCAGTACTTC,37382,8
clonotype149,clonotype149_consensus_1,534,TRB,TRBV11-2,None,TRBJ1-2,TRBC1,True,True,CASSLRPDIGYGYTF,TGTGCCAGCAGCCTCAGACCTGATATCGGCTATGGCTACACCTTC,55612,17
clonotype14,clonotype14_consensus_1,511,TRB,TRBV3-1,None,TRBJ1-5,TRBC1,True,True,CASSQVGLIAAGDYQPQHF,TGTGCCAGCAGCCAAGTAGGCCTAATCGCGGCAGGGGATTATCAGCCCCAGCATTTT,45124,7
clonotype150,clonotype150_consensus_1,607,TRA,TRAV8-6,None,TRAJ21,TRAC,True,True,CAVREYNFNKFYF,TGTGCTGTGAGGGAATACAACTTCAACAAATTTTACTTT,7650,2
clonotype150,clonotype150_consensus_2,479,TRB,TRBV29-1,None,TRBJ1-1,TRBC1,True,True,CSVGTGWSGTEAFF,TGCAGCGTGGGGACAGGGTGGTCGGGAACTGAAGCTTTCTTT,17764,7
clonotype151,clonotype151_consensus_1,492,TRB,TRBV27,None,TRBJ2-7,TRBC2,True,True,CASSLEGPPYEQYF,TGTGCCAGCAGTTTGGAGGGGCCCCCCTACGAGCAGTACTTC,36608,16
clonotype151,clonotype151_consensus_2,506,TRA,TRAV4,None,TRAJ37,TRAC,True,True,CLVGVFYHGSSNTGKLIF,TGCCTCGTGGGTGTCTTCTATCATGGCTCTAGCAACACAGGCAAACTAATCTTT,21112,7
clonotype152,clonotype152_consensus_1,561,TRB,TRBV30,None,TRBJ1-6,TRBC1,True,True,CAWTLLTGDSNSPLHF,TGTGCCTGGACCCTACTAACAGGGGATTCAAATTCACCCCTCCACTTT,41614,8
clonotype152,clonotype152_consensus_2,514,TRA,TRAV1-2,None,TRAJ32,TRAC,True,True,CAVRDYGGATNKLIF,TGTGCTGTGAGAGATTATGGTGGTGCTACAAACAAGCTCATCTTT,11180,4
clonotype153,clonotype153_consensus_1,672,TRB,TRBV5-6,None,TRBJ2-7,TRBC2,True,True,CASSSRSGSIPVHEQYF,TGTGCCAGCAGCTCCCGTAGCGGGAGCATTCCGGTCCACGAGCAGTACTTC,15912,3
clonotype154,clonotype154_consensus_1,580,TRA,TRAV19,None,TRAJ13,TRAC,True,True,CALSEGSTFYSGGYQKVTF,TGTGCTCTGAGTGAGGGAAGTACTTTTTATTCTGGGGGTTACCAGAAAGTTACCTTT,12962,3
clonotype154,clonotype154_consensus_2,484,TRB,TRBV4-1,None,TRBJ2-1,TRBC2,True,True,CASSQERQGSYNEQFF,TGCGCCAGCAGCCAAGAGCGACAGGGCTCCTACAATGAGCAGTTCTTC,35214,11
clonotype155,clonotype155_consensus_1,574,TRA,TRAV19,None,TRAJ42,TRAC,True,True,CALSETNYGGSQGNLIF,TGTGCTCTGAGTGAGACGAATTATGGAGGAAGCCAAGGAAATCTCATCTTT,6166,2
clonotype155,clonotype155_consensus_2,492,TRB,TRBV20-1,None,TRBJ2-7,TRBC2,True,True,CSAATTGYEQYF,TGCAGTGCAGCTACGACAGGCTACGAGCAGTACTTC,16092,8
clonotype156,clonotype156_consensus_1,530,TRA,TRAV27,None,TRAJ47,TRAC,True,True,CAAASEEYGNKLVF,TGTGCAGCTGCCTCCGAGGAATATGGAAACAAGCTGGTCTTT,29122,5
clonotype156,clonotype156_consensus_2,511,TRB,TRBV6-2,None,TRBJ2-7,TRBC2,True,True,CASSYSGTPFYVYEQYF,TGTGCCAGCAGTTATTCCGGGACACCCTTCTACGTGTACGAGCAGTACTTC,45662,8
clonotype157,clonotype157_consensus_1,536,TRB,TRBV20-1,None,TRBJ2-3,TRBC2,True,True,CSAASPRGERRTSTDTQYF,TGCAGTGCAGCATCCCCACGGGGGGAGCGGAGAACTAGCACAGATACGCAGTATTTT,38060,9
clonotype157,clonotype157_consensus_2,497,TRA,TRAV38-2/DV8,None,TRAJ58,TRAC,True,True,CAYSRGETSGSRLTF,TGTGCTTATAGCAGGGGAGAAACCAGTGGCTCTAGGTTGACCTTT,32446,6
clonotype158,clonotype158_consensus_1,691,TRB,TRBV5-6,None,TRBJ2-1,TRBC2,True,True,CASSSRTGEQFF,TGTGCCAGCAGCTCCCGGACAGGTGAGCAGTTCTTC,49346,8
clonotype158,clonotype158_consensus_2,586,TRA,TRAV38-1,None,TRAJ56,TRAC,True,True,CAFMKPNTGANSKLTF,TGTGCTTTCATGAAGCCCAATACTGGAGCCAATAGTAAGCTGACATTT,23242,3
clonotype159,clonotype159_consensus_1,507,TRB,TRBV18,None,TRBJ1-1,TRBC1,True,True,CASSPKDSGNTEAFF,TGTGCCAGCTCACCAAAGGACTCGGGGAACACTGAAGCTTTCTTT,37440,7
clonotype15,clonotype15_consensus_1,478,TRA,TRAV10,None,TRAJ8,TRAC,True,True,CVASNTGFQKLVF,TGTGTGGCTTCGAACACAGGCTTTCAGAAACTTGTATTT,23386,7
clonotype15,clonotype15_consensus_2,505,TRB,TRBV2,None,TRBJ2-6,TRBC2,True,True,CASVATSGANVLTF,TGTGCCAGCGTGGCGACCTCTGGGGCCAACGTCCTGACTTTC,80036,20
clonotype15,clonotype15_consensus_3,506,TRA,TRAV6,None,TRAJ11,TRAC,True,True,CALERGYSTLTF,TGTGCTCTAGAGAGGGGATACAGCACCCTCACCTTT,12488,4
clonotype160,clonotype160_consensus_1,505,TRB,TRBV14,None,TRBJ1-6,TRBC1,True,True,CASSRSSWSLHF,TGTGCCAGCAGTCGAAGTAGTTGGAGCCTCCACTTT,16152,3
clonotype161,clonotype161_consensus_1,524,TRB,TRBV6-5,None,TRBJ2-1,TRBC2,True,True,CASSLGVGQGARNEQFF,TGTGCCAGCAGTTTGGGAGTGGGGCAGGGGGCGCGCAATGAGCAGTTCTTC,13666,5
clonotype162,clonotype162_consensus_1,503,TRB,TRBV12-5,None,TRBJ2-1,TRBC2,True,True,CASGPSVKLYEQFF,TGTGCTAGTGGCCCCAGTGTTAAGCTCTATGAGCAGTTCTTC,10950,4
clonotype163,clonotype163_consensus_1,496,TRB,TRBV5-6,None,TRBJ1-2,TRBC1,True,True,CASSSLTGPRAYGYTF,TGTGCCAGCAGCTCCTTAACAGGCCCTAGAGCCTATGGCTACACCTTC,7852,1
clonotype163,clonotype163_consensus_2,574,TRA,TRAV8-1,None,TRAJ39,TRAC,True,True,CAVNEGNAGNMLTF,TGTGCCGTGAATGAGGGAAATGCAGGCAACATGCTCACCTTT,12672,3
clonotype164,clonotype164_consensus_1,504,TRB,TRBV6-6,None,TRBJ1-2,TRBC1,True,True,CASSYGSIYLEGYGYTF,TGTGCCAGCAGTTACGGCTCTATTTATCTGGAGGGCTATGGCTACACCTTC,21280,5
clonotype165,clonotype165_consensus_1,684,TRA,TRAV8-3,None,TRAJ13,TRAC,True,True,CAVLHFSGGYQKVTF,TGTGCTGTACTTCACTTTTCTGGGGGTTACCAGAAAGTTACCTTT,46696,10
clonotype165,clonotype165_consensus_2,500,TRB,TRBV2,None,TRBJ2-7,TRBC2,True,True,CASSEWGQGSLEQYF,TGTGCCAGCAGTGAGTGGGGACAGGGGTCCCTGGAGCAGTACTTC,27724,9
clonotype166,clonotype166_consensus_1,494,TRB,TRBV7-2,None,TRBJ2-1,TRBC2,True,True,CAILSYGDPYNEQFF,TGTGCCATCCTATCGTACGGGGATCCTTACAATGAGCAGTTCTTC,20002,3
clonotype167,clonotype167_consensus_1,518,TRB,TRBV20-1,None,TRBJ2-5,TRBC2,True,True,CSADAGPGETQYF,TGCAGTGCTGACGCGGGTCCTGGGGAGACCCAGTACTTC,50512,9
clonotype167,clonotype167_consensus_2,550,TRA,TRAV12-2,None,TRAJ52,TRAC,True,True,CAVPSGGTSYGKLTF,TGTGCCGTGCCCTCGGGTGGTACTAGCTATGGAAAGCTGACATTT,6352,1
clonotype168,clonotype168_consensus_1,497,TRB,TRBV12-5,None,TRBJ2-3,TRBC2,True,True,CASGLAPETDTQYF,TGTGCTAGTGGTTTGGCCCCAGAGACAGATACGCAGTATTTT,19582,3
clonotype168,clonotype168_consensus_2,506,TRA,TRAV13-2,None,TRAJ15,TRAC,True,True,CAESQAGTALIF,TGTGCAGAGTCTCAGGCAGGAACTGCTCTGATCTTT,18832,4
clonotype169,clonotype169_consensus_1,494,TRA,TRAV21,None,TRAJ6,TRAC,True,True,CAVYKGSGGGSYIPTF,TGTGCTGTGTATAAAGGATCGGGAGGAGGAAGCTACATACCTACATTT,19280,6
clonotype16,clonotype16_consensus_1,515,TRB,TRBV6-5,None,TRBJ1-6,TRBC1,True,True,CASSAGRNNSPLHF,TGTGCCAGCAGCGCGGGACGGAATAATTCACCCCTCCACTTT,72814,19
clonotype16,clonotype16_consensus_2,544,TRA,TRAV12-2,None,TRAJ38,TRAC,True,True,CALNAGNNRKLIW,TGTGCCCTCAATGCTGGCAACAACCGTAAGCTGATTTGG,47880,12
clonotype170,clonotype170_consensus_1,536,TRA,TRAV17,None,TRAJ39,TRAC,True,True,CAPGNAGNMLTF,TGTGCCCCGGGGAATGCAGGCAACATGCTCACCTTT,8512,1
clonotype170,clonotype170_consensus_2,524,TRB,TRBV20-1,None,TRBJ1-1,TRBC1,True,True,CSARFIGTVNTEAFF,TGCAGTGCTCGTTTCATAGGGACGGTGAACACTGAAGCTTTCTTT,35792,9
clonotype171,clonotype171_consensus_1,541,TRA,TRAV26-2,None,TRAJ38,TRAC,True,True,CILSPTPNAGNNRKLIW,TGCATCCTGAGCCCCACCCCTAATGCTGGCAACAACCGTAAGCTGATTTGG,35068,6
clonotype171,clonotype171_consensus_2,493,TRB,TRBV7-2,None,TRBJ1-5,TRBC1,True,True,CASGQPNQPQHF,TGTGCCAGTGGGCAACCCAATCAGCCCCAGCATTTT,29504,7
clonotype172,clonotype172_consensus_1,498,TRB,TRBV6-6,None,TRBJ2-5,TRBC2,True,True,CASSYSGGSQETQYF,TGTGCCAGCAGTTATTCCGGGGGATCCCAAGAGACCCAGTACTTC,37910,9
clonotype172,clonotype172_consensus_2,577,TRA,TRAV8-1,None,TRAJ39,TRAC,True,True,CAVNAVNNAGNMLTF,TGTGCCGTGAATGCAGTCAATAATGCAGGCAACATGCTCACCTTT,9762,2
clonotype173,clonotype173_consensus_1,515,TRB,TRBV20-1,None,TRBJ2-2,TRBC2,True,True,CSAWPHTGELFF,TGCAGTGCCTGGCCTCACACCGGGGAGCTGTTTTTT,54072,10
clonotype173,clonotype173_consensus_2,570,TRA,TRAV8-4,None,TRAJ9,TRAC,True,True,CAVSSNTGGFKTIF,TGTGCTGTGAGTTCAAATACTGGAGGCTTCAAAACTATCTTT,5236,1
clonotype174,clonotype174_consensus_1,476,TRB,TRBV10-3,None,TRBJ2-1,TRBC2,True,True,CASAPSSGGVNEQFF,TGTGCCTCAGCTCCCTCTAGCGGGGGAGTAAATGAGCAGTTCTTC,22336,10
clonotype174,clonotype174_consensus_2,456,TRA,TRAV13-1,None,TRAJ26,TRAC,True,True,CAARNYGQNFVF,TGTGCAGCAAGGAACTATGGTCAGAATTTTGTCTTT,8296,3
clonotype175,clonotype175_consensus_1,483,TRA,TRAV38-1,None,TRAJ54,TRAC,True,True,CAFMTPARGAQKLVF,TGTGCTTTCATGACCCCTGCCCGGGGAGCCCAGAAGCTGGTATTT,23932,4
clonotype176,clonotype176_consensus_1,504,TRB,TRBV6-6,None,TRBJ2-1,TRBC2,True,True,CASSYEEAGAFNNEQFF,TGTGCCAGCAGTTACGAGGAAGCGGGGGCCTTCAACAATGAGCAGTTCTTC,29056,7
clonotype177,clonotype177_consensus_1,569,TRB,TRBV4-3,None,TRBJ2-3,TRBC2,True,True,CASSQEGLAGRTDTQYF,TGCGCCAGCAGCCAGGAAGGACTAGCGGGGCGCACAGATACGCAGTATTTT,12250,3
clonotype178,clonotype178_consensus_1,478,TRB,TRBV28,None,TRBJ2-1,TRBC2,True,True,CASTEAGGASSYNEQFF,TGTGCCAGCACCGAAGCGGGGGGCGCCAGCTCCTACAATGAGCAGTTCTTC,27798,4
clonotype179,clonotype179_consensus_1,535,TRA,TRAV12-2,None,TRAJ37,TRAC,True,True,CAVKTGKLIF,TGTGCCGTGAAAACAGGCAAACTAATCTTT,8968,2
clonotype179,clonotype179_consensus_2,479,TRB,TRBV20-1,None,TRBJ1-2,TRBC1,True,True,CSATVDNYGYTF,TGCAGTGCTACAGTCGATAACTATGGCTACACCTTC,14504,4
clonotype17,clonotype17_consensus_1,506,TRB,TRBV5-1,None,TRBJ1-6,TRBC1,True,True,CASSLMGGNYSPLHF,TGCGCCAGCAGCTTGATGGGGGGAAATTATTCACCCCTCCACTTT,66688,23
clonotype17,clonotype17_consensus_2,533,TRA,TRAV27,None,TRAJ37,TRAC,True,True,CAGARETSNTGKLIF,TGTGCAGGAGCTCGGGAAACTAGCAACACAGGCAAACTAATCTTT,64502,18
clonotype180,clonotype180_consensus_1,528,TRB,TRBV7-8,None,TRBJ2-7,TRBC2,True,True,CASSKNRGERYEQYF,TGTGCCAGCAGCAAGAACAGGGGCGAGAGATACGAGCAGTACTTC,41034,9
clonotype180,clonotype180_consensus_2,533,TRA,TRAV27,None,TRAJ21,TRAC,True,True,CAGAARRYNFNKFYF,TGTGCAGGAGCGGCGAGGAGGTACAACTTCAACAAATTTTACTTT,30796,5
clonotype181,clonotype181_consensus_1,494,TRA,TRAV38-2/DV8,None,TRAJ40,TRAC,True,True,CAYRKTSGTYKYIF,TGTGCTTATAGGAAAACCTCAGGAACCTACAAATACATCTTT,28230,4
clonotype181,clonotype181_consensus_2,516,TRB,TRBV12-5,None,TRBJ2-1,TRBC2,True,True,CASGPSVKLYEQFF,TGTGCTAGTGGCCCCAGTGTTAAGCTCTATGAGCAGTTCTTC,27692,9
clonotype182,clonotype182_consensus_1,499,TRB,TRBV7-2,None,TRBJ2-2,TRBC2,True,True,CASSLQQGAGELFF,TGTGCCAGCAGCTTACAACAGGGGGCCGGGGAGCTGTTTTTT,3972,2
clonotype182,clonotype182_consensus_2,546,TRA,TRAV21,None,TRAJ13,TRAC,True,True,CAADSGGYQKVTF,TGTGCTGCGGATTCTGGGGGTTACCAGAAAGTTACCTTT,17974,2
clonotype183,clonotype183_consensus_1,650,TRB,TRBV5-4,None,TRBJ2-7,TRBC2,True,True,CASSPGTESYEQYF,TGTGCCAGCAGCCCTGGGACAGAGTCCTACGAGCAGTACTTC,43384,9
clonotype183,clonotype183_consensus_2,570,TRA,TRAV8-4,None,TRAJ48,TRAC,True,True,CAVSRAFGNEKLTF,TGTGCTGTGAGTCGCGCCTTTGGAAATGAGAAATTAACCTTT,4342,1
clonotype184,clonotype184_consensus_1,591,TRA,TRAV41,None,TRAJ42,TRAC,True,True,CAVRSQGNLIF,TGTGCTGTAAGAAGCCAAGGAAATCTCATCTTT,27480,8
clonotype184,clonotype184_consensus_2,527,TRB,TRBV6-5,None,TRBJ2-2,TRBC2,True,True,CASSYTRSGTGLTGELFF,TGTGCCAGCAGTTACACAAGATCCGGGACAGGACTAACCGGGGAGCTGTTTTTT,43432,13
clonotype185,clonotype185_consensus_1,541,TRA,TRAV14/DV4,None,TRAJ52,TRAC,True,True,CAMREGQSNAGGTSYGKLTF,TGTGCAATGAGAGAGGGCCAGTCTAATGCTGGTGGTACTAGCTATGGAAAGCTGACATTT,13190,3
clonotype185,clonotype185_consensus_2,660,TRB,TRBV19,None,TRBJ2-3,TRBC2,True,True,CASSRTGVWTDTQYF,TGTGCCAGTAGTAGGACGGGGGTCTGGACAGATACGCAGTATTTT,16864,5
clonotype186,clonotype186_consensus_1,499,TRB,TRBV7-2,None,TRBJ2-7,TRBC2,True,True,CASSPRRAGYEQYF,TGTGCCAGCAGCCCCCGTCGGGCGGGCTACGAGCAGTACTTC,52034,20
clonotype186,clonotype186_consensus_2,699,TRA,TRAV8-3,None,TRAJ34,TRAC,True,True,CAVGASNTDKLIF,TGTGCTGTGGGGGCCTCTAACACCGACAAGCTCATCTTT,19614,4
clonotype187,clonotype187_consensus_1,514,TRB,TRBV14,None,TRBJ1-4,TRBC1,True,True,CASSPYGTVNEKLFF,TGTGCCAGCAGTCCTTACGGGACAGTCAATGAAAAACTGTTTTTT,42766,10
clonotype188,clonotype188_consensus_1,475,TRB,TRBV2,None,TRBJ2-1,TRBC2,True,True,CASSGQGAIQDEQFF,TGTGCCAGCTCGGGACAAGGCGCGATACAGGATGAGCAGTTCTTC,30436,9
clonotype188,clonotype188_consensus_2,505,TRA,TRAV6,None,TRAJ48,TRAC,True,True,CALFFGNEKLTF,TGTGCTCTTTTTTTTGGAAATGAGAAATTAACCTTT,10944,3
clonotype188,clonotype188_consensus_3,509,TRA,TRAV13-2,None,TRAJ35,TRAC,True,True,CAENIGFGNVLHC,TGTGCAGAGAATATAGGCTTTGGGAATGTGCTGCATTGC,24360,5
clonotype189,clonotype189_consensus_1,501,TRA,TRAV12-3,None,TRAJ39,TRAC,True,True,CAMGQNNAGNMLTF,TGTGCAATGGGCCAAAATAATGCAGGCAACATGCTCACCTTT,19912,5
clonotype189,clonotype189_consensus_2,647,TRB,TRBV5-4,None,TRBJ2-7,TRBC2,True,True,CASSPGQTLEQYF,TGTGCCAGCAGCCCCGGACAAACCCTGGAGCAGTACTTC,30042,7
clonotype18,clonotype18_consensus_1,576,TRA,TRAV8-4,None,TRAJ26,TRAC,True,True,CAVIWVGDNYGQNFVF,TGTGCTGTGATTTGGGTCGGGGATAACTATGGTCAGAATTTTGTCTTT,25678,8
clonotype18,clonotype18_consensus_2,511,TRA,TRAV24,None,TRAJ26,TRAC,True,True,CAFYNYGQNFVF,TGTGCCTTTTATAACTATGGTCAGAATTTTGTCTTT,23048,6
clonotype18,clonotype18_consensus_3,476,TRB,TRBV9,None,TRBJ2-5,TRBC2,True,True,CASSEGGPQETQYF,TGTGCCAGCAGCGAGGGGGGCCCCCAAGAGACCCAGTACTTC,49496,21
clonotype190,clonotype190_consensus_1,513,TRB,TRBV5-5,None,TRBJ2-5,TRBC2,True,True,CASSLEMAGGRETQYF,TGTGCCAGCAGCTTGGAGATGGCGGGGGGACGAGAGACCCAGTACTTC,61552,11
clonotype190,clonotype190_consensus_2,576,TRA,TRAV8-4,None,TRAJ28,TRAC,True,True,CAVRSYSGAGSYQLTF,TGTGCTGTGAGATCATACTCTGGGGCTGGGAGTTACCAACTCACTTTC,10460,5
clonotype191,clonotype191_consensus_1,539,TRA,TRAV39,None,TRAJ43,TRAC,True,True,CAVDTNNNDMRF,TGTGCCGTGGACACGAATAACAATGACATGCGCTTT,6586,9
clonotype191,clonotype191_consensus_2,473,TRB,TRBV10-3,None,TRBJ1-5,TRBC1,True,True,CAAGGGKSNQPQHF,TGTGCCGCTGGTGGGGGAAAAAGCAATCAGCCCCAGCATTTT,63008,14
clonotype192,clonotype192_consensus_1,448,TRA,TRAV40,None,TRAJ44,TRAC,True,True,CLLGKTGTASKLTF,TGTCTTCTGGGAAAAACCGGCACTGCCAGTAAACTCACCTTT,17500,3
clonotype192,clonotype192_consensus_2,483,TRA,TRAV41,None,TRAJ31,TRAC,True,True,CAVCNNNARLMF,TGTGCTGTCTGTAATAACAATGCCAGACTCATGTTT,9736,2
clonotype192,clonotype192_consensus_3,509,TRB,TRBV6-1,None,TRBJ1-6,TRBC1,True,True,CASSQQGVVNSPLHF,TGTGCCAGCAGTCAACAGGGTGTTGTTAATTCACCCCTCCACTTT,50354,10
clonotype193,clonotype193_consensus_1,565,TRA,TRAV19,None,TRAJ56,TRAC,True,True,CALSGPGANSKLTF,TGTGCTCTGAGTGGTCCCGGAGCCAATAGTAAGCTGACATTT,35310,7
clonotype193,clonotype193_consensus_2,493,TRB,TRBV9,None,TRBJ1-2,TRBC1,True,True,CASSHRINYGYTF,TGTGCCAGCAGCCACAGGATTAACTATGGCTACACCTTC,23124,10
clonotype194,clonotype194_consensus_1,500,TRB,TRBV7-6,None,TRBJ1-1,TRBC1,True,True,CASSPLLGVNTEAFF,TGTGCCAGCAGCCCGCTGCTGGGCGTGAACACTGAAGCTTTCTTT,27946,9
clonotype194,clonotype194_consensus_2,505,TRA,TRAV6,None,TRAJ31,TRAC,True,True,CALNLGEARLMF,TGTGCTCTAAACCTCGGGGAGGCCAGACTCATGTTT,15382,6
clonotype195,clonotype195_consensus_1,484,TRB,TRBV11-1,None,TRBJ2-3,TRBC2,True,True,CASSPRTGGGTDTQYF,TGTGCCAGCAGCCCGAGGACAGGCGGGGGGACAGATACGCAGTATTTT,16286,5
clonotype195,clonotype195_consensus_2,571,TRA,TRAV8-1,None,TRAJ20,TRAC,True,True,CAVIPINDYKLSF,TGTGCCGTGATCCCAATTAACGACTACAAGCTCAGCTTT,17962,4
clonotype196,clonotype196_consensus_1,617,TRA,TRAV8-2,None,TRAJ44,TRAC,True,True,CVVSDPPGTGTASKLTF,TGTGTTGTGAGTGACCCCCCGGGTACCGGCACTGCCAGTAAACTCACCTTT,8052,2
clonotype196,clonotype196_consensus_2,475,TRB,TRBV15,None,TRBJ1-4,TRBC1,True,True,CATSISETTNEKLFF,TGTGCCACCAGCATTTCGGAAACAACTAATGAAAAACTGTTTTTT,3940,1
clonotype196,clonotype196_consensus_3,512,TRA,TRAV6,None,TRAJ15,TRAC,True,True,CALQNQAGTALIF,TGTGCTCTCCAAAACCAGGCAGGAACTGCTCTGATCTTT,5592,1
clonotype197,clonotype197_consensus_1,520,TRA,TRAV2,None,TRAJ28,TRAC,True,True,CAVLSGAGSYQLTF,TGTGCTGTATTGTCTGGGGCTGGGAGTTACCAACTCACTTTC,3414,1
clonotype197,clonotype197_consensus_2,495,TRB,TRBV15,None,TRBJ1-3,TRBC1,True,True,CATSRGQGSPGNTIYF,TGTGCCACCAGCAGAGGACAGGGGAGCCCTGGAAACACCATATATTTT,14606,2
clonotype198,clonotype198_consensus_1,577,TRA,TRAV29/DV5,None,TRAJ22,TRAC,True,True,CAASPSSSGSARQLTF,TGTGCAGCAAGCCCATCCTCCTCTGGTTCTGCAAGGCAACTGACCTTT,16884,3
clonotype198,clonotype198_consensus_2,514,TRB,TRBV11-2,None,TRBJ2-1,TRBC2,True,True,CASTAGHNEFF,TGTGCCAGCACAGCAGGACATAATGAGTTCTTC,47966,8
clonotype199,clonotype199_consensus_1,514,TRA,TRAV29/DV5,None,TRAJ53,TRAC,True,True,CAAVSGGSNYKLTF,TGTGCAGCAGTGAGTGGAGGTAGCAACTATAAACTGACATTT,28190,6
clonotype199,clonotype199_consensus_2,536,TRB,TRBV18,None,TRBJ2-1,TRBC2,True,True,CASSPGRSSYNEQFF,TGTGCCAGCTCACCGGGCAGGAGCTCCTACAATGAGCAGTTCTTC,36618,13
clonotype19,clonotype19_consensus_1,506,TRB,TRBV6-1,None,TRBJ2-1,TRBC2,True,True,CATTRDRGLIEQFF,TGTGCCACTACCCGGGACAGGGGGCTGATTGAGCAGTTCTTC,42470,13
clonotype19,clonotype19_consensus_2,488,TRA,TRAV38-2/DV8,None,TRAJ58,TRAC,True,True,CAYQTSGSRLTF,TGTGCTTATCAAACCAGTGGCTCTAGGTTGACCTTT,55748,14
clonotype1,clonotype1_consensus_1,479,TRB,TRBV4-3,None,TRBJ2-7,TRBC2,True,True,CASSQERWNEQYF,TGCGCCAGCAGCCAAGAACGATGGAACGAGCAGTACTTC,645776,136
clonotype200,clonotype200_consensus_1,629,TRA,TRAV41,None,TRAJ49,TRAC,True,True,CAVFRPLNTGNQFYF,TGTGCTGTCTTTCGACCCTTGAACACCGGTAACCAGTTCTATTTT,17138,7
clonotype200,clonotype200_consensus_2,524,TRB,TRBV20-1,None,TRBJ1-1,TRBC1,True,True,CSARDLGRGNTEAFF,TGCAGTGCTAGAGATCTCGGCAGAGGGAACACTGAAGCTTTCTTT,57978,26
clonotype201,clonotype201_consensus_1,526,TRA,TRAV14/DV4,None,TRAJ30,TRAC,True,True,CAMREGHDRDDKIIF,TGTGCAATGAGAGAGGGCCATGACAGAGATGACAAGATCATCTTT,14472,2
clonotype201,clonotype201_consensus_2,509,TRB,TRBV2,None,TRBJ1-6,TRBC1,True,True,CASSESGVRSPLHF,TGTGCCAGCAGTGAATCGGGGGTTCGCTCACCCCTCCACTTT,34868,7
clonotype202,clonotype202_consensus_1,481,TRB,TRBV4-2,None,TRBJ2-7,TRBC2,True,True,CASSQDSNRGYEQYF,TGTGCCAGCAGCCAAGATTCCAACAGGGGGTACGAGCAGTACTTC,16290,4
clonotype202,clonotype202_consensus_2,561,TRA,TRAV8-4,None,TRAJ43,TRAC,True,True,CAVSENRDMRF,TGTGCTGTGAGTGAAAATCGGGACATGCGCTTT,4476,3
clonotype203,clonotype203_consensus_1,492,TRB,TRBV14,None,TRBJ2-7,TRBC2,True,True,CAVSTGHEQYF,TGTGCCGTCAGCACAGGCCACGAGCAGTACTTC,34510,6
clonotype203,clonotype203_consensus_2,518,TRA,TRAV39,None,TRAJ44,TRAC,True,True,CAVDLPGTASKLTF,TGTGCCGTGGACTTGCCCGGCACTGCCAGTAAACTCACCTTT,33746,5
clonotype204,clonotype204_consensus_1,452,TRA,TRAV21,None,TRAJ45,TRAC,True,True,CAVMGGGADGLTF,TGTGCTGTGATGGGGGGAGGTGCTGACGGACTCACCTTT,35344,4
clonotype205,clonotype205_consensus_1,471,TRA,TRAV10,None,TRAJ34,TRAC,True,True,CVVSAWGNTDKLIF,TGTGTGGTGAGCGCGTGGGGGAACACCGACAAGCTCATCTTT,23082,2
clonotype205,clonotype205_consensus_2,568,TRA,TRAV19,None,TRAJ26,TRAC,True,True,CALSEATRDGQNFVF,TGTGCTCTGAGTGAGGCTACAAGGGATGGTCAGAATTTTGTCTTT,16794,2
clonotype205,clonotype205_consensus_3,512,TRB,TRBV6-1,None,TRBJ1-5,TRBC1,True,True,CASSVWTEDSNQPQHF,TGTGCCAGCAGTGTTTGGACAGAAGATAGCAATCAGCCCCAGCATTTT,28902,5
clonotype206,clonotype206_consensus_1,482,TRA,TRAV38-1,None,TRAJ54,TRAC,True,True,CAFNQGAQKLVF,TGTGCTTTTAATCAGGGAGCCCAGAAGCTGGTATTT,30310,4
clonotype206,clonotype206_consensus_2,519,TRB,TRBV7-9,None,TRBJ2-7,TRBC2,True,True,CASSPQTGQESSYEQYF,TGTGCCAGCAGCCCACAGACGGGACAGGAAAGCTCCTACGAGCAGTACTTC,37198,7
clonotype207,clonotype207_consensus_1,550,TRA,TRAV8-1,None,TRAJ27,None,True,True,CAVNDGGTNAGKSTF,TGTGCCGTGAATGATGGGGGCACCAATGCAGGCAAATCAACCTTT,6040,1
clonotype207,clonotype207_consensus_2,506,TRB,TRBV6-1,None,TRBJ1-6,TRBC1,True,True,CASSERQYNSPLHF,TGTGCCAGCAGTGAAAGACAGTATAATTCACCCCTCCACTTT,21006,5
clonotype208,clonotype208_consensus_1,453,TRA,TRAV13-1,None,TRAJ47,TRAC,True,True,CAATSGNKLVF,TGTGCAGCGACCAGTGGAAACAAGCTGGTCTTT,23300,4
clonotype208,clonotype208_consensus_2,507,TRB,TRBV29-1,None,TRBJ1-1,TRBC1,True,True,CSVDRQGTGEAFF,TGCAGCGTTGATCGCCAGGGGACGGGAGAAGCTTTCTTT,18664,5
clonotype209,clonotype209_consensus_1,637,TRB,TRBV13,None,TRBJ1-1,TRBC1,True,True,CASSLGHGRTGGITEAFF,TGTGCCAGCAGCTTAGGCCACGGCCGGACAGGGGGTATCACTGAAGCTTTCTTT,22998,7
clonotype20,clonotype20_consensus_1,497,TRA,TRAV4,None,TRAJ35,TRAC,True,True,CLVARRRGFGNVLHC,TGCCTCGTGGCCCGGAGGCGAGGCTTTGGGAATGTGCTGCATTGC,44310,20
clonotype20,clonotype20_consensus_2,479,TRB,TRBV10-3,None,TRBJ2-7,TRBC2,True,True,CAISESLGDSSYEQYF,TGTGCCATCAGTGAGTCGTTGGGGGACAGCTCCTACGAGCAGTACTTC,88224,21
clonotype210,clonotype210_consensus_1,502,TRB,TRBV5-1,None,TRBJ2-3,TRBC2,True,True,CASSLGRGGTDTQYF,TGCGCCAGCAGCTTAGGGCGGGGCGGCACAGATACGCAGTATTTT,25108,6
clonotype210,clonotype210_consensus_2,567,TRA,TRAV8-4,None,TRAJ45,TRAC,True,True,CAVKGGGADGLTF,TGTGCTGTGAAAGGAGGAGGTGCTGACGGACTCACCTTT,30270,8
clonotype211,clonotype211_consensus_1,510,TRB,TRBV7-9,None,TRBJ2-4,TRBC2,True,True,CASSPSLGWSKNIQYF,TGTGCCAGCAGCCCCTCCCTGGGGTGGTCCAAAAACATTCAGTACTTC,11480,2
clonotype211,clonotype211_consensus_2,534,TRA,TRAV6,None,TRAJ39,TRAC,True,True,CALENNAGNMLTF,TGTGCTCTCGAGAATAATGCAGGCAACATGCTCACCTTT,15486,2
clonotype212,clonotype212_consensus_1,635,TRB,TRBV19,None,TRBJ2-3,TRBC2,True,True,CASSIGADAVDTQYF,TGTGCCAGTAGTATAGGGGCAGATGCGGTAGATACGCAGTATTTT,18324,5
clonotype213,clonotype213_consensus_1,529,TRA,TRAV26-2,None,TRAJ34,TRAC,True,True,CILGYYNTDKLIF,TGCATCCTGGGGTATTATAACACCGACAAGCTCATCTTT,49984,9
clonotype213,clonotype213_consensus_2,663,TRB,TRBV5-6,None,TRBJ1-1,TRBC1,True,True,CASSFRGVLNTEAFF,TGTGCCAGCAGCTTCAGGGGGGTCTTGAACACTGAAGCTTTCTTT,27004,9
clonotype214,clonotype214_consensus_1,448,TRA,TRAV2,None,TRAJ40,TRAC,True,True,CAVSTGTYKYIF,TGTGCTGTGTCAACAGGAACCTACAAATACATCTTT,12824,11
clonotype214,clonotype214_consensus_2,482,TRB,TRBV15,None,TRBJ1-3,TRBC1,True,True,CATSRDFQGTGNTIYF,TGTGCCACCAGCAGAGATTTTCAGGGAACTGGAAACACCATATATTTT,14928,7
clonotype215,clonotype215_consensus_1,476,TRB,TRBV15,None,TRBJ2-1,TRBC2,True,True,CATSSLNSPGEQFF,TGTGCCACCAGCAGTCTGAACAGCCCGGGTGAGCAGTTCTTC,9976,3
clonotype215,clonotype215_consensus_2,481,TRA,TRAV10,None,TRAJ43,TRAC,True,True,CVVSAPYNNNDMRF,TGTGTGGTGAGCGCTCCGTACAATAACAATGACATGCGCTTT,8138,2
clonotype216,clonotype216_consensus_1,647,TRB,TRBV5-4,None,TRBJ2-1,TRBC2,True,True,CASRLAGGNEQFF,TGTGCCAGCAGACTAGCGGGGGGGAATGAGCAGTTCTTC,55806,16
clonotype217,clonotype217_consensus_1,530,TRB,TRBV6-5,None,TRBJ2-4,TRBC2,True,True,CASSTSGTGVALAKNIQYF,TGTGCCAGCAGTACATCCGGGACAGGGGTTGCCCTAGCCAAAAACATTCAGTACTTC,31158,8
clonotype217,clonotype217_consensus_2,481,TRA,TRAV10,None,TRAJ45,TRAC,True,True,CVVSGGGGADGLTF,TGTGTGGTGAGCGGTGGAGGAGGTGCTGACGGACTCACCTTT,27012,6
clonotype218,clonotype218_consensus_1,502,TRB,TRBV3-1,None,TRBJ1-3,TRBC1,True,True,CASSRARASSGNTIYF,TGTGCCAGCAGCCGGGCCCGCGCTAGCTCTGGAAACACCATATATTTT,48430,11
clonotype218,clonotype218_consensus_2,528,TRA,TRAV22,None,TRAJ15,TRAC,True,True,CAVTNQAGTALIF,TGTGCTGTTACCAACCAGGCAGGAACTGCTCTGATCTTT,6232,2
clonotype219,clonotype219_consensus_1,514,TRA,TRAV23/DV6,None,TRAJ27,TRAC,True,True,CAASRSGTNAGKSTF,TGTGCAGCAAGTCGATCGGGCACCAATGCAGGCAAATCAACCTTT,41600,6
clonotype21,clonotype21_consensus_1,481,TRB,TRBV4-3,None,TRBJ1-2,TRBC1,True,True,CASSQEGQGRYGYTF,TGCGCCAGCAGCCAAGAGGGGCAGGGGCGCTATGGCTACACCTTC,87642,16
clonotype220,clonotype220_consensus_1,467,TRB,TRBV7-9,None,TRBJ2-1,TRBC2,True,True,CASSPSGAPLFHEQFF,TGTGCCAGCAGCCCCAGCGGGGCCCCCCTATTCCATGAGCAGTTCTTC,38042,6
clonotype220,clonotype220_consensus_2,467,TRA,TRAV9-2,None,TRAJ30,TRAC,True,True,CALIDLNRDDKIIF,TGTGCTCTGATTGACTTGAACAGAGATGACAAGATCATCTTT,15756,3
clonotype221,clonotype221_consensus_1,475,TRB,TRBV2,None,TRBJ2-2,TRBC2,True,True,CASSEQGNTGELFF,TGTGCCAGCAGTGAACAGGGGAACACCGGGGAGCTGTTTTTT,30182,5
clonotype222,clonotype222_consensus_1,734,TRB,TRBV5-6,None,TRBJ1-4,TRBC1,True,True,CASSFRGTATNEKLFF,TGTGCCAGCAGCTTCAGGGGGACAGCAACTAATGAAAAACTGTTTTTT,13234,5
clonotype222,clonotype222_consensus_2,506,TRA,TRAV13-2,None,TRAJ20,TRAC,True,True,CAENINDYKLSF,TGTGCAGAGAATATAAACGACTACAAGCTCAGCTTT,39828,11
clonotype223,clonotype223_consensus_1,500,TRA,TRAV38-1,None,TRAJ40,TRAC,True,True,CAFMKSRASGTYKYIF,TGTGCTTTCATGAAATCCCGGGCCTCAGGAACCTACAAATACATCTTT,6530,19
clonotype223,clonotype223_consensus_2,466,TRB,TRBV28,None,TRBJ1-1,TRBC1,True,True,CASKTGVNTEAFF,TGTGCCAGCAAAACAGGGGTGAACACTGAAGCTTTCTTT,13836,7
clonotype224,clonotype224_consensus_1,501,TRA,TRAV12-3,None,TRAJ40,TRAC,True,True,CAMSATSGTYKYIF,TGTGCAATGAGCGCGACCTCAGGAACCTACAAATACATCTTT,42926,6
clonotype224,clonotype224_consensus_2,512,TRB,TRBV6-1,None,TRBJ2-3,TRBC2,True,True,CASSDGLAGGEDTQYF,TGTGCCAGCAGTGATGGACTAGCGGGGGGAGAGGATACGCAGTATTTT,34974,8
clonotype225,clonotype225_consensus_1,494,TRB,TRBV2,None,TRBJ2-7,TRBC2,True,True,CASSPGNPHEQYF,TGTGCCAGCAGTCCCGGGAATCCACACGAGCAGTACTTC,7350,3
clonotype225,clonotype225_consensus_2,544,TRA,TRAV12-2,None,TRAJ41,TRAC,True,True,CAVNNPSGYALNF,TGTGCCGTGAACAACCCGTCCGGGTATGCACTCAACTTC,20430,4
clonotype226,clonotype226_consensus_1,499,TRB,TRBV7-3,None,TRBJ2-3,TRBC2,True,True,CASSSMITDTQYF,TGTGCCAGCAGCTCTATGATCACAGATACGCAGTATTTT,74114,14
clonotype227,clonotype227_consensus_1,479,TRA,TRAV35,None,TRAJ30,TRAC,True,True,CAGLRREGDDKIIF,TGTGCTGGGCTCAGGAGGGAAGGGGATGACAAGATCATCTTT,4378,2
clonotype227,clonotype227_consensus_2,521,TRB,TRBV20-1,None,TRBJ2-5,TRBC2,True,True,CSASGGVRSETQYF,TGCAGTGCTTCAGGGGGAGTAAGATCAGAGACCCAGTACTTC,35448,6
clonotype227,clonotype227_consensus_3,492,TRA,TRAV9-2,None,TRAJ11,TRAC,True,True,CALSDPGYSTLTF,TGTGCTCTGAGTGATCCAGGATACAGCACCCTCACCTTT,5698,1
clonotype228,clonotype228_consensus_1,503,TRB,TRBV6-1,None,TRBJ1-1,TRBC1,True,True,CASSERRPHGAFF,TGTGCCAGCAGTGAACGGCGGCCCCATGGAGCTTTCTTT,33268,12
clonotype228,clonotype228_consensus_2,505,TRA,TRAV26-2,None,TRAJ15,TRAC,True,True,CILNGQAGTALIF,TGCATCCTGAATGGACAGGCAGGAACTGCTCTGATCTTT,44154,14
clonotype229,clonotype229_consensus_1,499,TRB,TRBV7-2,None,TRBJ1-3,TRBC1,True,True,CASSFDAREGTIYF,TGTGCCAGCAGCTTTGATGCAAGGGAAGGCACCATATATTTT,28172,7
clonotype229,clonotype229_consensus_2,643,TRA,TRAV8-6,None,TRAJ23,TRAC,True,True,CAVSDWFQGGKLIF,TGTGCTGTGAGTGATTGGTTCCAGGGAGGAAAGCTTATCTTC,11500,4
clonotype229,clonotype229_consensus_3,482,TRA,TRAV24,None,TRAJ45,TRAC,True,True,CALEGGGADGLTF,TGTGCCTTGGAGGGAGGAGGTGCTGACGGACTCACCTTT,16604,3
clonotype22,clonotype22_consensus_1,564,TRA,TRAV8-4,None,TRAJ23,TRAC,True,True,CAVRNQGGKLIF,TGTGCTGTGCGGAACCAGGGAGGAAAGCTTATCTTC,72882,19
clonotype22,clonotype22_consensus_2,648,TRB,TRBV19,None,TRBJ1-4,TRBC1,True,True,CASSGGNPTNEKLFF,TGTGCCAGTAGTGGAGGGAACCCAACTAATGAAAAACTGTTTTTT,26952,12
clonotype230,clonotype230_consensus_1,670,TRB,TRBV5-6,None,TRBJ2-3,TRBC2,True,True,CASSFTSGVLSSADTQYF,TGTGCCAGCAGCTTCACTAGCGGGGTCCTCTCTTCGGCAGATACGCAGTATTTT,24472,7
clonotype231,clonotype231_consensus_1,468,TRB,TRBV9,None,TRBJ2-3,TRBC2,True,True,CASSVVAGDTDTQYF,TGTGCCAGCAGCGTAGTAGCGGGGGACACAGATACGCAGTATTTT,15976,5
clonotype232,clonotype232_consensus_1,508,TRB,TRBV5-1,None,TRBJ2-7,TRBC2,True,True,CASSFGSSGITTYEQYF,TGCGCCAGCAGCTTTGGGTCGTCAGGGATCACGACCTACGAGCAGTACTTC,17464,6
clonotype232,clonotype232_consensus_2,636,TRA,TRAV26-1,None,TRAJ29,TRAC,True,True,CIGLPYSGNTPLVF,TGCATCGGGCTACCTTATTCAGGAAACACACCTCTTGTCTTT,3714,1
clonotype233,clonotype233_consensus_1,482,TRB,TRBV15,None,TRBJ1-3,TRBC1,True,True,CATSRDFQGTGNTIYF,TGTGCCACCAGCAGAGATTTTCAGGGAACTGGAAACACCATATATTTT,12318,12
clonotype234,clonotype234_consensus_1,530,TRB,TRBV20-1,None,TRBJ2-2,TRBC2,True,True,CSAPRRTSGSNTGELFF,TGCAGTGCTCCAAGACGGACGAGCGGGAGTAACACCGGGGAGCTGTTTTTT,49296,8
clonotype235,clonotype235_consensus_1,568,TRA,TRAV19,None,TRAJ36,TRAC,True,True,CALSVATPGANNLFF,TGTGCTCTGAGTGTTGCAACCCCCGGGGCAAACAACCTCTTCTTT,22046,4
clonotype235,clonotype235_consensus_2,512,TRB,TRBV5-5,None,TRBJ2-7,TRBC2,True,True,CASSMDRAHYEQYF,TGTGCCAGCAGTATGGACAGGGCCCACTACGAGCAGTACTTC,28478,5
clonotype236,clonotype236_consensus_1,501,TRB,TRBV12-3,None,TRBJ2-3,TRBC2,True,True,CASSLMGSDTQYF,TGTGCCAGCAGTTTAATGGGTTCAGATACGCAGTATTTT,25734,6
clonotype236,clonotype236_consensus_2,523,TRA,TRAV23/DV6,None,TRAJ4,TRAC,True,True,CAASNLRVGSGGYNKLIF,TGTGCAGCAAGCAACCTCCGGGTAGGGTCTGGTGGCTACAATAAGCTGATTTTT,16822,2
clonotype237,clonotype237_consensus_1,577,TRA,TRAV26-1,None,TRAJ39,TRAC,True,True,CIVGFGGNAGNMLTF,TGCATCGTGGGATTCGGGGGTAATGCAGGCAACATGCTCACCTTT,36794,11
clonotype237,clonotype237_consensus_2,501,TRB,TRBV6-6,None,TRBJ2-5,TRBC2,True,True,CASSYGGGQTQETQYF,TGTGCCAGCAGTTACGGGGGGGGACAGACGCAAGAGACCCAGTACTTC,38808,16
clonotype238,clonotype238_consensus_1,471,TRB,TRBV10-2,None,TRBJ1-5,TRBC1,True,True,CASSEGRGNQPQHF,TGCGCCAGCAGTGAGGGGCGGGGCAATCAGCCCCAGCATTTT,22658,3
clonotype238,clonotype238_consensus_2,474,TRA,TRAV38-2/DV8,None,TRAJ47,TRAC,True,True,CAYRSGGNKLVF,TGTGCTTATAGGAGCGGGGGAAACAAGCTGGTCTTT,340,2
clonotype239,clonotype239_consensus_1,451,TRA,TRAV40,None,TRAJ39,TRAC,True,True,CLLGELAGNMLTF,TGTCTTCTGGGAGAATTGGCAGGCAACATGCTCACCTTT,35474,9
clonotype23,clonotype23_consensus_1,491,TRB,TRBV4-2,None,TRBJ1-5,TRBC1,True,True,CASSQGYFRGLNQPQHF,TGTGCCAGCAGCCAAGGCTACTTCCGGGGCCTAAATCAGCCCCAGCATTTT,80518,15
clonotype23,clonotype23_consensus_2,670,TRA,TRAV8-2,None,TRAJ12,TRAC,True,True,CVVSDQGDSSYKLIF,TGTGTTGTGAGTGATCAGGGGGATAGCAGCTATAAATTGATCTTC,45718,8
clonotype240,clonotype240_consensus_1,610,TRA,TRAV8-6,None,TRAJ16,TRAC,True,True,CAVSRVSDGQKLLF,TGTGCTGTGAGCCGGGTTTCAGATGGCCAGAAGCTGCTCTTT,20200,6
clonotype240,clonotype240_consensus_2,512,TRB,TRBV6-5,None,TRBJ2-7,TRBC2,True,True,CASSSPGYYEQYF,TGTGCCAGCAGTTCTCCGGGATACTACGAGCAGTACTTC,50924,11
clonotype241,clonotype241_consensus_1,573,TRA,TRAV8-4,None,TRAJ28,TRAC,True,True,CAVSDSGAGSYQLTF,TGTGCTGTGTCAGATTCTGGGGCTGGGAGTTACCAACTCACTTTC,20426,8
clonotype241,clonotype241_consensus_2,488,TRB,TRBV24-1,None,TRBJ2-1,TRBC2,True,True,CATSPGQGVNNEQFF,TGTGCCACCAGTCCGGGACAGGGGGTAAACAATGAGCAGTTCTTC,21992,4
clonotype242,clonotype242_consensus_1,505,TRA,TRAV1-2,None,TRAJ33,TRAC,True,True,CAVEDSNYQLIW,TGTGCTGTGGAAGATAGCAACTATCAGTTAATCTGG,22870,6
clonotype243,clonotype243_consensus_1,502,TRB,TRBV3-1,None,TRBJ2-5,TRBC2,True,True,CASSQPTSGFRETQYF,TGTGCCAGCAGCCAACCCACGAGCGGCTTTAGAGAGACCCAGTACTTC,57968,18
clonotype243,clonotype243_consensus_2,485,TRA,TRAV4,None,TRAJ28,TRAC,True,True,CLVGSPYSGAGSYQLTF,TGCCTCGTGGGTTCCCCATACTCTGGGGCTGGGAGTTACCAACTCACTTTC,11004,3
clonotype244,clonotype244_consensus_1,503,TRA,TRAV25,None,TRAJ13,TRAC,True,True,CADSGGYQKVTF,TGTGCTGATTCTGGGGGTTACCAGAAAGTTACCTTT,5926,2
clonotype244,clonotype244_consensus_2,473,TRB,TRBV11-1,None,TRBJ2-7,TRBC2,True,True,CASSLLTYEQYF,TGTGCCAGCAGCTTATTGACCTACGAGCAGTACTTC,38434,7
clonotype245,clonotype245_consensus_1,554,TRA,TRAV22,None,TRAJ21,TRAC,True,True,CAPQGREFYF,TGTGCTCCCCAAGGAAGGGAGTTTTACTTT,20918,5
clonotype245,clonotype245_consensus_2,532,TRB,TRBV2,None,TRBJ1-2,TRBC1,True,True,CASSGADRGTLSGYTF,TGTGCCAGCAGTGGCGCCGACAGGGGTACTTTGAGTGGCTACACCTTC,33572,8
clonotype246,clonotype246_consensus_1,580,TRA,TRAV19,None,TRAJ37,TRAC,True,True,CALSEPSSHGSSNTGKLIF,TGTGCTCTGAGTGAGCCTTCTTCACATGGCTCTAGCAACACAGGCAAACTAATCTTT,10352,2
clonotype246,clonotype246_consensus_2,467,TRB,TRBV27,None,TRBJ2-5,TRBC2,True,True,CASSLWGHETQYF,TGTGCCAGCAGTTTATGGGGGCACGAGACCCAGTACTTC,38414,8
clonotype247,clonotype247_consensus_1,508,TRB,TRBV12-4,None,TRBJ2-3,TRBC2,True,True,CASRDSLTDTQYF,TGTGCCAGCCGGGACAGCCTCACAGATACGCAGTATTTT,67626,11
clonotype247,clonotype247_consensus_2,494,TRA,TRAV2,None,TRAJ40,TRAC,True,True,CAVDPSGTYKYIF,TGTGCTGTGGACCCCTCAGGAACCTACAAATACATCTTT,7962,1
clonotype248,clonotype248_consensus_1,516,TRB,TRBV12-3,None,TRBJ1-6,TRBC1,True,True,CASSTTWTPLRGDSPLHF,TGTGCCAGCAGTACTACCTGGACTCCTCTTAGAGGGGATTCACCCCTCCACTTT,19402,6
clonotype248,clonotype248_consensus_2,485,TRA,TRAV38-2/DV8,None,TRAJ42,TRAC,True,True,CAYSLINYGGSQGNLIF,TGTGCTTATAGCCTAATTAATTATGGAGGAAGCCAAGGAAATCTCATCTTT,13820,2
clonotype249,clonotype249_consensus_1,506,TRB,TRBV6-1,None,TRBJ2-6,TRBC2,True,True,CASSELGGANVLTF,TGTGCCAGCAGTGAATTAGGTGGAGCCAACGTCCTGACTTTC,30810,7
clonotype249,clonotype249_consensus_2,568,TRA,TRAV19,None,TRAJ8,TRAC,True,True,CALSGENTGFQKLVF,TGTGCTCTGAGTGGGGAGAACACAGGCTTTCAGAAACTTGTATTT,15250,2
clonotype24,clonotype24_consensus_1,516,TRB,TRBV12-5,None,TRBJ1-1,TRBC1,True,True,CASGPVGQNTEAFF,TGTGCTAGTGGCCCGGTTGGGCAGAACACTGAAGCTTTCTTT,61406,17
clonotype24,clonotype24_consensus_2,475,TRA,TRAV2,None,TRAJ23,TRAC,True,True,CAVGQGGKLIF,TGTGCTGTGGGGCAGGGAGGAAAGCTTATCTTC,61188,11
clonotype250,clonotype250_consensus_1,512,TRB,TRBV6-1,None,TRBJ2-3,TRBC2,True,True,CASSVGPGRDTDTQYF,TGTGCCAGCAGTGTAGGCCCCGGGAGAGACACAGATACGCAGTATTTT,19788,5
clonotype251,clonotype251_consensus_1,509,TRB,TRBV6-1,None,TRBJ2-7,TRBC2,True,True,CASISWGQPLVEQYF,TGTGCCAGCATCTCGTGGGGGCAGCCCTTAGTCGAGCAGTACTTC,16938,5
clonotype251,clonotype251_consensus_2,541,TRA,TRAV12-1,None,TRAJ34,TRAC,True,True,CVVRNTDKLIF,TGTGTGGTCCGAAACACCGACAAGCTCATCTTT,7982,2
clonotype251,clonotype251_consensus_3,457,TRA,TRAV2,None,TRAJ24,TRAC,True,True,CAAGSTDSWGKLQF,TGTGCTGCGGGTTCAACTGACAGCTGGGGGAAATTGCAGTTT,10394,3
clonotype252,clonotype252_consensus_1,653,TRB,TRBV5-4,None,TRBJ2-1,TRBC2,True,True,CASSPDPTPYNEQFF,TGTGCCAGCAGCCCGGACCCTACTCCCTACAATGAGCAGTTCTTC,24582,8
clonotype252,clonotype252_consensus_2,463,TRA,TRAV10,None,TRAJ43,TRAC,True,True,CVVTGYNNNDMRF,TGTGTGGTGACCGGATACAATAACAATGACATGCGCTTT,14888,2
clonotype253,clonotype253_consensus_1,524,TRA,TRAV19,None,TRAJ54,TRAC,True,True,CALRTYLHQGAQKLVF,TGTGCTCTGAGAACCTACCTGCATCAGGGAGCCCAGAAGCTGGTATTT,12894,2
clonotype253,clonotype253_consensus_2,485,TRB,TRBV10-2,None,TRBJ2-7,TRBC2,True,True,CASSQQGFRPSSYEQYF,TGCGCCAGCAGTCAGCAGGGTTTCCGTCCGAGCTCCTACGAGCAGTACTTC,3872,3
clonotype254,clonotype254_consensus_1,497,TRB,TRBV3-1,None,TRBJ2-5,TRBC2,True,True,CASSQDRGPEQETQYF,TGTGCCAGCAGCCAAGATCGGGGGCCCGAACAAGAGACCCAGTACTTC,53706,15
clonotype254,clonotype254_consensus_2,492,TRA,TRAV12-3,None,TRAJ9,TRAC,True,True,CAMSGGFKTIF,TGTGCAATGTCTGGAGGCTTCAAAACTATCTTT,22754,6
clonotype255,clonotype255_consensus_1,522,TRB,TRBV5-5,None,TRBJ2-7,TRBC2,True,True,CASTLVDQEQYF,TGTGCCAGCACCCTTGTGGACCAGGAGCAGTACTTC,20496,3
clonotype256,clonotype256_consensus_1,453,TRB,TRBV20-1,None,TRBJ1-3,TRBC1,True,True,CSAAASGSGNTIYF,TGCAGTGCCGCTGCGTCCGGCTCTGGAAACACCATATATTTT,7800,2
clonotype256,clonotype256_consensus_2,574,TRA,TRAV8-1,None,TRAJ31,TRAC,True,True,CAVNARGDNARLMF,TGTGCCGTGAATGCAAGAGGGGACAATGCCAGACTCATGTTT,4626,1
clonotype257,clonotype257_consensus_1,482,TRA,TRAV12-3,None,TRAJ52,TRAC,True,True,CARDAGGTSYGKLTF,TGTGCAAGGGACGCTGGTGGTACTAGCTATGGAAAGCTGACATTT,21138,6
clonotype258,clonotype258_consensus_1,561,TRA,TRAV41,None,TRAJ37,TRAC,True,True,CAVRLSSNTGKLIF,TGTGCTGTCAGACTCTCTAGCAACACAGGCAAACTAATCTTT,30082,7
clonotype258,clonotype258_consensus_2,654,TRB,TRBV19,None,TRBJ2-7,TRBC2,True,True,CASKFAASYEQYF,TGTGCCAGTAAGTTCGCAGCCTCCTACGAGCAGTACTTC,45222,19
clonotype259,clonotype259_consensus_1,493,TRB,TRBV5-6,None,TRBJ1-4,TRBC1,True,True,CASSLLSGTNEKLFF,TGTGCCAGCAGCTTACTGTCAGGGACTAATGAAAAACTGTTTTTT,26922,8
clonotype25,clonotype25_consensus_1,488,TRB,TRBV4-2,None,TRBJ1-1,TRBC1,True,True,CASSQVSRVGSGEAFF,TGTGCCAGCAGCCAAGTAAGCAGGGTGGGGTCAGGAGAAGCTTTCTTT,94404,23
clonotype25,clonotype25_consensus_2,628,TRA,TRAV26-1,None,TRAJ45,TRAC,True,True,CIAPRGGGADGLTF,TGCATCGCCCCACGGGGAGGAGGTGCTGACGGACTCACCTTT,29320,7
clonotype260,clonotype260_consensus_1,520,TRA,TRAV14/DV4,None,TRAJ49,TRAC,True,True,CAMRGGTGNQFYF,TGTGCAATGAGAGGTGGCACCGGTAACCAGTTCTATTTT,29180,5
clonotype260,clonotype260_consensus_2,478,TRB,TRBV11-1,None,TRBJ2-7,TRBC2,True,True,CASSLAIGGYEQYF,TGTGCCAGCAGCTTAGCGATCGGGGGCTACGAGCAGTACTTC,39978,7
clonotype261,clonotype261_consensus_1,499,TRB,TRBV7-2,None,TRBJ1-1,TRBC1,True,True,CASSIRQGHTEAFF,TGTGCCAGCAGCATACGACAGGGCCACACTGAAGCTTTCTTT,26072,6
clonotype262,clonotype262_consensus_1,539,TRB,TRBV18,None,TRBJ2-3,TRBC2,True,True,CASSTSGYLGTDTQYF,TGTGCCAGCTCAACTTCAGGCTACCTAGGCACAGATACGCAGTATTTT,18172,3
clonotype262,clonotype262_consensus_2,567,TRA,TRAV8-4,None,TRAJ12,TRAC,True,True,CAVRVDSSYKLIF,TGTGCTGTGAGGGTGGATAGCAGCTATAAATTGATCTTC,29806,8
clonotype263,clonotype263_consensus_1,544,TRA,TRAV12-2,None,TRAJ3,TRAC,True,True,CAGGYSSASKIIF,TGTGCCGGGGGGTACAGCAGTGCTTCCAAGATAATCTTT,39110,11
clonotype264,clonotype264_consensus_1,503,TRB,TRBV11-3,None,TRBJ2-3,TRBC2,True,True,CASSFGLAGGTDTQYF,TGTGCCAGCAGCTTCGGACTAGCGGGGGGCACAGATACGCAGTATTTT,26840,4
clonotype264,clonotype264_consensus_2,568,TRA,TRAV26-1,None,TRAJ37,TRAC,True,True,CTVASNTGKLIF,TGCACCGTCGCTAGCAACACAGGCAAACTAATCTTT,16344,2
clonotype265,clonotype265_consensus_1,472,TRB,TRBV9,None,TRBJ1-1,TRBC1,True,True,CASSVRLRAGDTEAFF,TGTGCCAGCAGCGTAAGGCTTCGGGCAGGGGACACTGAAGCTTTCTTT,12772,5
clonotype265,clonotype265_consensus_2,505,TRA,TRAV39,None,TRAJ43,TRAC,True,True,CAVDYNDMRF,TGTGCCGTGGACTACAATGACATGCGCTTT,4916,2
clonotype265,clonotype265_consensus_3,683,TRA,TRAV8-3,None,TRAJ6,TRAC,True,True,CAVGASGGSYIPTF,TGTGCTGTGGGTGCATCAGGAGGAAGCTACATACCTACATTT,3980,2
clonotype265,clonotype265_consensus_4,487,TRB,TRBV4-2,None,TRBJ2-5,TRBC2,True,True,CASSQGTQGGKQETQYF,TGTGCCAGCAGCCAAGGCACCCAGGGGGGTAAGCAAGAGACCCAGTACTTC,20812,10
clonotype266,clonotype266_consensus_1,487,TRB,TRBV5-1,None,TRBJ2-2,TRBC2,True,True,CASSSPGGAGRTGELFF,TGCGCCAGCAGCTCCCCGGGAGGAGCGGGGCGCACCGGGGAGCTGTTTTTT,51954,8
clonotype267,clonotype267_consensus_1,515,TRB,TRBV6-5,None,TRBJ1-6,TRBC1,True,True,CASSAGRNNSPLHF,TGTGCCAGCAGCGCGGGACGGAATAATTCACCCCTCCACTTT,48810,10
clonotype268,clonotype268_consensus_1,526,TRA,TRAV14/DV4,None,TRAJ23,TRAC,True,True,CAMRESYNQGGKLIF,TGTGCAATGAGAGAATCTTATAACCAGGGAGGAAAGCTTATCTTC,18084,3
clonotype268,clonotype268_consensus_2,479,TRB,TRBV9,None,TRBJ1-1,TRBC1,True,True,CASSPEDRRNTEAFF,TGTGCCAGCAGCCCCGAGGACAGGAGGAACACTGAAGCTTTCTTT,34200,8
clonotype269,clonotype269_consensus_1,473,TRB,TRBV9,None,TRBJ2-2,TRBC2,True,True,CASNPGVNTGELFF,TGTGCCAGCAACCCGGGGGTAAACACCGGGGAGCTGTTTTTT,39652,5
clonotype26,clonotype26_consensus_1,568,TRA,TRAV19,None,TRAJ22,TRAC,True,True,CALSEDSGSARQLTF,TGTGCTCTGAGTGAGGATTCTGGTTCTGCAAGGCAACTGACCTTT,38940,8
clonotype26,clonotype26_consensus_2,499,TRB,TRBV9,None,TRBJ2-3,TRBC2,True,True,CASSVGGGTTDTQYF,TGTGCCAGCAGCGTCGGCGGGGGGACCACAGATACGCAGTATTTT,101236,17
clonotype270,clonotype270_consensus_1,529,TRA,TRAV14/DV4,None,TRAJ50,TRAC,True,True,CAMREGGETSYDKVIF,TGTGCAATGAGAGAGGGCGGGGAAACCTCCTACGACAAGGTGATATTT,10678,2
clonotype270,clonotype270_consensus_2,505,TRB,TRBV2,None,TRBJ1-4,TRBC1,True,True,CASREDGINEKLFF,TGTGCCAGCCGGGAGGACGGAATTAATGAAAAACTGTTTTTT,54094,10
clonotype271,clonotype271_consensus_1,479,TRB,TRBV29-1,None,TRBJ2-5,TRBC2,True,True,CSVEPSGAQETQYF,TGCAGCGTTGAGCCCTCAGGGGCACAAGAGACCCAGTACTTC,28628,6
clonotype272,clonotype272_consensus_1,541,TRA,TRAV14/DV4,None,TRAJ52,TRAC,True,True,CAMREPNFNAGGTSYGKLTF,TGTGCAATGAGAGAGCCAAACTTTAATGCTGGTGGTACTAGCTATGGAAAGCTGACATTT,10208,2
clonotype272,clonotype272_consensus_2,635,TRB,TRBV19,None,TRBJ2-3,TRBC2,True,True,CASSATGVYTDTQYF,TGTGCCAGTAGTGCGACAGGGGTCTACACAGATACGCAGTATTTT,34542,10
clonotype273,clonotype273_consensus_1,511,TRB,TRBV12-4,None,TRBJ2-7,TRBC2,True,True,CASTVTGLAYEQYF,TGTGCCAGCACCGTGACAGGGCTTGCCTACGAGCAGTACTTC,36384,11
clonotype273,clonotype273_consensus_2,588,TRA,TRAV12-1,None,TRAJ34,TRAC,True,True,CVVRYNTDKLIF,TGTGTGGTGAGATATAACACCGACAAGCTCATCTTT,16038,4
clonotype274,clonotype274_consensus_1,504,TRB,TRBV12-4,None,TRBJ2-7,TRBC2,True,True,CASSLVDGSYEQYF,TGTGCCAGCAGTTTAGTAGACGGCTCCTACGAGCAGTACTTC,22356,6
clonotype275,clonotype275_consensus_1,512,TRB,TRBV6-5,None,TRBJ1-4,TRBC1,True,True,CASKRGAAGLWFF,TGTGCCAGTAAAAGGGGCGCAGCGGGGTTATGGTTTTTT,14202,7
clonotype276,clonotype276_consensus_1,511,TRA,TRAV1-2,None,TRAJ29,TRAC,True,True,CAVRDDSGNTPLVF,TGTGCTGTGAGAGACGATTCAGGAAACACACCTCTTGTCTTT,5554,1
clonotype276,clonotype276_consensus_2,502,TRB,TRBV7-2,None,TRBJ2-7,TRBC2,True,True,CASSLEALAGDEQYF,TGTGCCAGCAGCTTAGAGGCCCTAGCGGGGGATGAGCAGTACTTC,59338,17
clonotype277,clonotype277_consensus_1,591,TRA,TRAV26-2,None,TRAJ27,TRAC,True,True,CILRDVNTNAGKSTF,TGCATCCTGAGAGACGTAAACACCAATGCAGGCAAATCAACCTTT,20638,4
clonotype277,clonotype277_consensus_2,549,TRA,TRAV19,None,TRAJ48,TRAC,True,True,CALSEALKISNFGNEKLTF,TGTGCTCTGAGTGAGGCGCTAAAAATATCTAACTTTGGAAATGAGAAATTAACCTTT,7302,2
clonotype277,clonotype277_consensus_3,505,TRB,TRBV7-2,None,TRBJ1-1,TRBC1,True,True,CASSVEGQGLNTEAFF,TGTGCCAGCAGTGTGGAGGGACAGGGTTTGAACACTGAAGCTTTCTTT,48750,14
clonotype278,clonotype278_consensus_1,477,TRB,TRBV29-1,None,TRBJ2-7,TRBC2,True,True,CSVEGVYEQYF,TGCAGCGTTGAGGGAGTATACGAGCAGTACTTC,15738,4
clonotype278,clonotype278_consensus_2,451,TRA,TRAV9-2,None,TRAJ31,TRAC,True,True,CALSDRDARLMF,TGTGCTCTGAGTGATCGGGATGCCAGACTCATGTTT,11408,2
clonotype279,clonotype279_consensus_1,558,TRB,TRBV30,None,TRBJ2-2,TRBC2,True,True,CAWSPPGLNTGELFF,TGTGCCTGGTCGCCACCGGGCCTAAACACCGGGGAGCTGTTTTTT,20974,4
clonotype27,clonotype27_consensus_1,672,TRB,TRBV5-6,None,TRBJ2-1,TRBC2,True,True,CASSLVSAGAPLYNEQFF,TGTGCCAGCAGCTTAGTATCTGCGGGGGCCCCCCTTTACAATGAGCAGTTCTTC,67666,24
clonotype280,clonotype280_consensus_1,536,TRB,TRBV13,None,TRBJ2-3,TRBC2,True,True,CASLTLGELGKGDTQYF,TGTGCCAGCCTAACCCTGGGCGAGCTAGGGAAAGGGGATACGCAGTATTTT,76234,17
clonotype281,clonotype281_consensus_1,497,TRA,TRAV38-2/DV8,None,TRAJ29,TRAC,True,True,CAYRSSYSGNTPLVF,TGTGCTTATAGGAGCTCCTATTCAGGAAACACACCTCTTGTCTTT,34166,4
clonotype282,clonotype282_consensus_1,506,TRB,TRBV7-9,None,TRBJ1-4,TRBC1,True,True,CASSRGGGPNEKLFF,TGTGCCAGCAGCCGCGGGGGAGGGCCTAATGAAAAACTGTTTTTT,18914,5
clonotype282,clonotype282_consensus_2,492,TRB,TRBV27,None,TRBJ1-5,TRBC1,True,True,CASSATGSYQPQHF,TGTGCCAGCAGTGCGACGGGGAGTTATCAGCCCCAGCATTTT,15406,5
clonotype282,clonotype282_consensus_3,488,TRA,TRAV38-2/DV8,None,TRAJ20,TRAC,True,True,CAYRRNDYKLSF,TGTGCTTATAGGCGTAACGACTACAAGCTCAGCTTT,17400,2
clonotype283,clonotype283_consensus_1,580,TRA,TRAV26-1,None,TRAJ52,TRAC,True,True,CIAGNAGGTSYGKLTF,TGCATCGCCGGGAATGCTGGTGGTACTAGCTATGGAAAGCTGACATTT,9414,4
clonotype283,clonotype283_consensus_2,498,TRB,TRBV20-1,None,TRBJ2-1,TRBC2,True,True,CSARDRSRYNEQFF,TGCAGTGCTAGAGACCGTAGCCGTTACAATGAGCAGTTCTTC,42946,14
clonotype283,clonotype283_consensus_3,524,TRB,TRBV18,None,TRBJ2-7,TRBC2,True,True,CASPRGWEQYF,TGTGCCAGCCCACGGGGGTGGGAGCAGTACTTC,23918,8
clonotype284,clonotype284_consensus_1,471,TRA,TRAV9-2,None,TRAJ58,TRAC,True,True,CALSGRETSGSRLTF,TGTGCTCTGAGTGGCCGAGAAACCAGTGGCTCTAGGTTGACCTTT,28002,4
clonotype284,clonotype284_consensus_2,653,TRB,TRBV5-4,None,TRBJ1-1,TRBC1,True,True,CASSPMGFRGAEAFF,TGTGCCAGCAGCCCCATGGGGTTTAGAGGGGCTGAAGCTTTCTTT,22372,5
clonotype285,clonotype285_consensus_1,510,TRB,TRBV12-3,None,TRBJ2-1,TRBC2,True,True,CASSPMTSGRYNEQFF,TGTGCCAGCAGTCCAATGACTAGCGGCCGATACAATGAGCAGTTCTTC,71102,19
clonotype286,clonotype286_consensus_1,472,TRB,TRBV4-3,None,TRBJ2-3,None,True,True,CASSQNTDTQYF,TGCGCCAGCAGCCAAAACACAGATACGCAGTATTTT,19352,3
clonotype287,clonotype287_consensus_1,466,TRA,TRAV26-1,None,TRAJ57,TRAC,True,True,CIAKTQGGSEKLVF,TGCATCGCCAAAACTCAGGGCGGATCTGAAAAGCTGGTCTTT,9404,2
clonotype287,clonotype287_consensus_2,481,TRB,TRBV4-1,None,TRBJ1-6,TRBC1,True,True,CASSQVNRGISPLHF,TGCGCCAGCAGCCAAGTTAACAGGGGCATTTCACCCCTCCACTTT,4944,5
clonotype288,clonotype288_consensus_1,561,TRA,TRAV26-2,None,TRAJ27,TRAC,True,True,CILRDVNTNAGKSTF,TGCATCCTGAGAGACGTAAACACCAATGCAGGCAAATCAACCTTT,5984,3
clonotype288,clonotype288_consensus_2,505,TRB,TRBV7-2,None,TRBJ1-1,TRBC1,True,True,CASSVEGQGLNTEAFF,TGTGCCAGCAGTGTGGAGGGACAGGGTTTGAACACTGAAGCTTTCTTT,69992,22
clonotype289,clonotype289_consensus_1,479,TRB,TRBV7-8,None,TRBJ1-6,TRBC1,True,True,CASSLARTIHSPLHF,TGTGCCAGCAGCTTAGCCCGGACTATCCATTCACCCCTCCACTTT,28980,9
clonotype28,clonotype28_consensus_1,547,TRA,TRAV12-2,None,TRAJ53,TRAC,True,True,CAVDSGGSNYKLTF,TGTGCCGTGGATAGTGGAGGTAGCAACTATAAACTGACATTT,33384,7
clonotype28,clonotype28_consensus_2,574,TRA,TRAV29/DV5,None,TRAJ31,TRAC,True,True,CAANREGQDNARLMF,TGTGCAGCAAATCGGGAAGGTCAGGACAATGCCAGACTCATGTTT,21118,5
clonotype28,clonotype28_consensus_3,496,TRB,TRBV7-2,None,TRBJ1-1,TRBC1,True,True,CASSSLGAGEAFF,TGTGCCAGCAGCTCCTTGGGGGCTGGCGAAGCTTTCTTT,94098,22
clonotype290,clonotype290_consensus_1,504,TRB,TRBV6-6,None,TRBJ1-2,TRBC1,True,True,CASSYGSIYLEGYGYTF,TGTGCCAGCAGTTACGGCTCTATTTATCTGGAGGGCTATGGCTACACCTTC,25786,7
clonotype290,clonotype290_consensus_2,511,TRA,TRAV23/DV6,None,TRAJ29,TRAC,True,True,CAASPFSGNTPLVF,TGTGCAGCAAGCCCCTTTTCAGGAAACACACCTCTTGTCTTT,15556,6
clonotype291,clonotype291_consensus_1,544,TRA,TRAV12-2,None,TRAJ40,TRAC,True,True,CAVNKGGTYKYIF,TGTGCCGTGAACAAGGGAGGAACCTACAAATACATCTTT,6526,1
clonotype291,clonotype291_consensus_2,476,TRB,TRBV29-1,None,TRBJ1-1,TRBC1,True,True,CSVSTGGNTEAFF,TGCAGCGTATCGACAGGGGGAAACACTGAAGCTTTCTTT,38208,8
clonotype292,clonotype292_consensus_1,568,TRA,TRAV19,None,TRAJ26,TRAC,True,True,CALSEATRDGQNFVF,TGTGCTCTGAGTGAGGCTACAAGGGATGGTCAGAATTTTGTCTTT,5316,1
clonotype292,clonotype292_consensus_2,485,TRB,TRBV6-1,None,TRBJ1-5,TRBC1,True,True,CASSVWTEDSNQPQHF,TGTGCCAGCAGTGTTTGGACAGAAGATAGCAATCAGCCCCAGCATTTT,41022,7
clonotype293,clonotype293_consensus_1,660,TRB,TRBV19,None,TRBJ1-6,TRBC1,True,True,CASSILPGGNSPLHF,TGTGCCAGTAGTATTCTACCCGGGGGGAATTCACCCCTCCACTTT,19884,5
clonotype294,clonotype294_consensus_1,481,TRB,TRBV5-1,None,TRBJ1-2,TRBC1,True,True,CASSLVAGTGFGYTF,TGCGCCAGCAGCTTAGTAGCCGGGACAGGGTTTGGCTACACCTTC,45210,15
clonotype294,clonotype294_consensus_2,566,TRA,TRAV22,None,TRAJ27,TRAC,True,True,CAVDHNTNAGKSTF,TGTGCTGTGGATCATAACACCAATGCAGGCAAATCAACCTTT,24688,7
clonotype295,clonotype295_consensus_1,534,TRA,TRAV26-2,None,TRAJ45,TRAC,True,True,CILSPYSGGGADGLTF,TGCATCCTGAGTCCTTATTCAGGAGGAGGTGCTGACGGACTCACCTTT,10252,2
clonotype295,clonotype295_consensus_2,496,TRB,TRBV7-2,None,TRBJ1-2,TRBC1,True,True,CASSLTRMSGYTF,TGTGCCAGCAGCTTAACTAGGATGAGTGGCTACACCTTC,10686,2
clonotype296,clonotype296_consensus_1,478,TRB,TRBV5-1,None,TRBJ1-3,TRBC1,True,True,CASSWDQLGNTIYF,TGCGCCAGCAGCTGGGACCAGCTTGGAAACACCATATATTTT,13518,3
clonotype297,clonotype297_consensus_1,512,TRA,TRAV25,None,TRAJ24,TRAC,True,True,CAGPRTTDSWGKLQF,TGTGCAGGGCCGCGAACAACTGACAGCTGGGGGAAATTGCAGTTT,45416,7
clonotype298,clonotype298_consensus_1,507,TRB,TRBV12-4,None,TRBJ2-1,TRBC2,True,True,CASSFLGGGENEQFF,TGTGCCAGCAGTTTCCTAGGGGGGGGGGAGAATGAGCAGTTCTTC,42128,9
clonotype298,clonotype298_consensus_2,511,TRA,TRAV23/DV6,None,TRAJ36,TRAC,True,True,CAAPDLTGANNLFF,TGTGCAGCCCCGGATCTAACTGGGGCAAACAACCTCTTCTTT,5964,2
clonotype299,clonotype299_consensus_1,500,TRB,TRBV6-5,None,TRBJ2-4,TRBC2,True,True,CATGLSVGIQYF,TGTGCCACAGGACTAAGTGTGGGCATTCAGTACTTC,10140,3
clonotype29,clonotype29_consensus_1,653,TRB,TRBV5-4,None,TRBJ2-5,TRBC2,True,True,CASSKTGLDSGTQYF,TGTGCCAGCAGCAAAACGGGACTAGATTCGGGGACCCAGTACTTC,26206,12
clonotype2,clonotype2_consensus_1,566,TRB,TRBV4-3,None,TRBJ1-5,TRBC1,True,True,CASSQGVGQGGQPQHF,TGCGCCAGCAGCCAAGGAGTGGGACAGGGCGGTCAGCCCCAGCATTTT,286722,139
clonotype2,clonotype2_consensus_2,530,TRA,TRAV27,None,TRAJ22,TRAC,True,True,CAGPISGSARQLTF,TGTGCAGGGCCCATTTCTGGTTCTGCAAGGCAACTGACCTTT,38116,18
clonotype300,clonotype300_consensus_1,556,TRA,TRAV12-2,None,TRAJ42,TRAC,True,True,CAALAVNYGGSQGNLIF,TGTGCCGCCCTGGCAGTGAATTATGGAGGAAGCCAAGGAAATCTCATCTTT,16610,5
clonotype300,clonotype300_consensus_2,488,TRB,TRBV4-3,None,TRBJ2-6,TRBC2,True,True,CASSHTGETGANVLTF,TGCGCCAGCAGCCATACAGGGGAAACTGGGGCCAACGTCCTGACTTTC,49958,8
clonotype301,clonotype301_consensus_1,473,TRB,TRBV9,None,TRBJ2-5,TRBC2,True,True,CASSEGGPQETQYF,TGTGCCAGCAGCGAGGGGGGCCCCCAAGAGACCCAGTACTTC,38024,10
clonotype302,clonotype302_consensus_1,544,TRA,TRAV36/DV7,None,TRAJ54,TRAC,True,True,CAVERVGQGAQKLVF,TGTGCTGTGGAGAGGGTGGGCCAGGGAGCCCAGAAGCTGGTATTT,46202,5
clonotype302,clonotype302_consensus_2,494,TRB,TRBV2,None,TRBJ2-4,TRBC2,True,True,CASSVSNIQYF,TGTGCCAGCAGTGTATCAAACATTCAGTACTTC,11730,2
clonotype302,clonotype302_consensus_3,499,TRB,TRBV3-1,None,TRBJ2-7,TRBC2,True,True,CASSNGISGSYEQYF,TGTGCCAGCAGCAATGGGATTAGCGGTTCCTACGAGCAGTACTTC,11896,2
clonotype303,clonotype303_consensus_1,485,TRB,TRBV20-1,None,TRBJ1-3,TRBC1,True,True,CSAHGTGGKNTIYF,TGCAGTGCTCATGGGACAGGGGGGAAAAACACCATATATTTT,18094,2
clonotype303,clonotype303_consensus_2,486,TRA,TRAV26-2,None,TRAJ23,TRAC,True,True,CILSSPNQGGKLIF,TGCATCCTGAGCTCGCCGAACCAGGGAGGAAAGCTTATCTTC,10174,2
clonotype304,clonotype304_consensus_1,499,TRB,TRBV7-2,None,TRBJ2-1,TRBC2,True,True,CASSLVRQYNEQFF,TGTGCCAGCAGCTTAGTGCGCCAGTACAATGAGCAGTTCTTC,68994,15
clonotype304,clonotype304_consensus_2,511,TRA,TRAV29/DV5,None,TRAJ40,TRAC,True,True,CAASGTTSGTYKYIF,TGTGCAGCAAGCGGGACTACCTCAGGAACCTACAAATACATCTTT,7066,1
clonotype305,clonotype305_consensus_1,624,TRA,TRAV3,None,TRAJ28,TRAC,True,True,CAVRGYSGAGSYQLTF,TGTGCTGTGAGAGGGTACTCTGGGGCTGGGAGTTACCAACTCACTTTC,11496,2
clonotype305,clonotype305_consensus_2,510,TRB,TRBV5-5,None,TRBJ2-7,TRBC2,True,True,CASSLSAEGLYEQYF,TGTGCCAGCAGCTTGTCGGCGGAGGGACTCTACGAGCAGTACTTC,62896,10
clonotype306,clonotype306_consensus_1,508,TRA,TRAV13-2,None,TRAJ57,TRAC,True,True,CAENTPLAGGGSEKLVF,TGTGCAGAGAATACCCCTCTCGCTGGGGGCGGATCTGAAAAGCTGGTCTTT,3472,2
clonotype306,clonotype306_consensus_2,522,TRB,TRBV4-1,None,TRBJ1-2,TRBC1,True,True,CASSQAYRLALSYTF,TGCGCCAGCAGCCAAGCCTACAGGCTGGCACTTAGCTACACCTTC,14504,5
clonotype307,clonotype307_consensus_1,514,TRB,TRBV12-3,None,TRBJ1-1,TRBC1,True,True,CASSLYGTVTEAFF,TGTGCCAGCAGTTTATACGGGACAGTCACTGAAGCTTTCTTT,68340,15
clonotype307,clonotype307_consensus_2,547,TRA,TRAV12-2,None,TRAJ39,TRAC,True,True,CAVLSGNAGNMLTF,TGTGCCGTCCTCTCGGGGAATGCAGGCAACATGCTCACCTTT,7728,2
clonotype308,clonotype308_consensus_1,571,TRA,TRAV8-1,None,TRAJ30,TRAC,True,True,CAVLTRRDDKIIF,TGTGCCGTCCTAACTCGGAGAGATGACAAGATCATCTTT,17984,3
clonotype308,clonotype308_consensus_2,481,TRB,TRBV28,None,TRBJ1-5,TRBC1,True,True,CASSFTGTGMTRNQPQHF,TGTGCCAGCAGCTTTACCGGGACAGGGATGACTCGGAATCAGCCCCAGCATTTT,16930,3
clonotype309,clonotype309_consensus_1,498,TRB,TRBV7-9,None,TRBJ1-1,TRBC1,True,True,CASSLDREAFF,TGTGCCAGCAGCCTGGACAGGGAAGCTTTCTTT,20016,3
clonotype30,clonotype30_consensus_1,497,TRA,TRAV38-2/DV8,None,TRAJ8,TRAC,True,True,CAYRALNTGFQKLVF,TGTGCTTATAGGGCCTTGAACACAGGCTTTCAGAAACTTGTATTT,82408,19
clonotype30,clonotype30_consensus_2,517,TRB,TRBV12-4,None,TRBJ1-4,TRBC1,True,True,CASSFSGFATNEKLFF,TGTGCCAGCAGTTTTTCCGGCTTTGCAACTAATGAAAAACTGTTTTTT,65706,19
clonotype310,clonotype310_consensus_1,496,TRB,TRBV9,None,TRBJ1-1,TRBC1,True,True,CASNGRTGRAEAFF,TGTGCCAGCAACGGGCGTACTGGACGCGCTGAAGCTTTCTTT,17706,5
clonotype311,clonotype311_consensus_1,515,TRB,TRBV6-5,None,TRBJ2-1,TRBC2,True,True,CASSYSGVGQEQFF,TGTGCCAGCAGTTACTCGGGGGTCGGACAGGAGCAGTTCTTC,28716,8
clonotype311,clonotype311_consensus_2,548,TRA,TRAV12-1,None,TRAJ8,TRAC,True,True,CVVIGNTGFQKLVF,TGTGTGGTGATCGGCAACACAGGCTTTCAGAAACTTGTATTT,11884,3
clonotype312,clonotype312_consensus_1,514,TRA,TRAV39,None,TRAJ41,TRAC,True,True,CAVDKSGYALNF,TGTGCCGTGGACAAATCCGGGTATGCACTCAACTTC,11586,2
clonotype312,clonotype312_consensus_2,476,TRB,TRBV6-4,None,TRBJ2-3,TRBC2,True,True,CASSEGPAGGQDTQYF,TGTGCCAGCAGTGAAGGCCCAGCGGGGGGACAAGATACGCAGTATTTT,14694,4
clonotype313,clonotype313_consensus_1,499,TRB,TRBV7-2,None,TRBJ2-5,TRBC2,True,True,CASSLGSTIETQYF,TGTGCCAGCAGCTTAGGTAGCACAATAGAGACCCAGTACTTC,11290,4
clonotype313,clonotype313_consensus_2,613,TRA,TRAV8-6,None,TRAJ39,TRAC,True,True,CAVSDDRNAGNMLTF,TGTGCTGTGAGTGATGATAGGAATGCAGGCAACATGCTCACCTTT,11692,3
clonotype314,clonotype314_consensus_1,501,TRB,TRBV20-1,None,TRBJ1-6,TRBC1,True,True,CSAMYRGVPNSPLHF,TGCAGTGCTATGTACCGGGGGGTCCCTAATTCACCCCTCCACTTT,31000,8
clonotype314,clonotype314_consensus_2,506,TRA,TRAV25,None,TRAJ32,TRAC,True,True,CAGQRGATNKLIF,TGTGCAGGGCAGCGCGGTGCTACAAACAAGCTCATCTTT,12006,2
clonotype315,clonotype315_consensus_1,490,TRA,TRAV38-1,None,TRAJ31,TRAC,True,True,CAFTAQNNNARLMF,TGTGCTTTCACAGCCCAGAATAACAATGCCAGACTCATGTTT,13620,6
clonotype315,clonotype315_consensus_2,492,TRB,TRBV6-6,None,TRBJ2-1,TRBC2,True,True,CAIRLARYNEQFF,TGTGCCATCAGACTAGCGCGGTACAATGAGCAGTTCTTC,35816,16
clonotype316,clonotype316_consensus_1,482,TRA,TRAV35,None,TRAJ38,TRAC,True,True,CAGRGNAGNNRKLIW,TGTGCTGGCCGGGGTAATGCTGGCAACAACCGTAAGCTGATTTGG,5188,2
clonotype316,clonotype316_consensus_2,498,TRB,TRBV6-6,None,TRBJ1-2,TRBC1,True,True,CASSIDDGVFYGYTF,TGTGCCAGCAGTATAGACGACGGGGTGTTCTATGGCTACACCTTC,45180,8
clonotype317,clonotype317_consensus_1,571,TRA,TRAV24,None,TRAJ18,TRAC,True,True,CAFTNDRGSTLGRLYF,TGTGCCTTCACGAACGACAGAGGCTCAACCCTGGGGAGGCTATACTTT,25828,4
clonotype317,clonotype317_consensus_2,502,TRB,TRBV9,None,TRBJ1-6,TRBC1,True,True,CASTPLGTGRDSPLHF,TGTGCCAGCACCCCCCTAGGGACAGGAAGAGATTCACCCCTCCACTTT,26214,6
clonotype318,clonotype318_consensus_1,645,TRB,TRBV19,None,TRBJ1-5,TRBC1,True,True,CASSIVPLNQPQHF,TGTGCCAGTAGTATAGTCCCTCTCAATCAGCCCCAGCATTTT,6884,7
clonotype318,clonotype318_consensus_2,502,TRB,TRBV3-1,None,TRBJ2-5,TRBC2,True,True,CASSQRTGWKVETQYF,TGTGCCAGCAGCCAGCGAACGGGGTGGAAAGTCGAGACCCAGTACTTC,24130,17
clonotype318,clonotype318_consensus_3,503,TRA,TRAV25,None,TRAJ34,TRAC,True,True,CAGRHNTDKLIF,TGTGCAGGACGTCATAACACCGACAAGCTCATCTTT,7530,3
clonotype319,clonotype319_consensus_1,478,TRB,TRBV9,None,TRBJ1-2,TRBC1,True,True,CASSVGQSWGYTF,TGTGCCAGCAGCGTAGGACAGAGCTGGGGCTACACCTTC,14292,8
clonotype319,clonotype319_consensus_2,491,TRA,TRAV38-2/DV8,None,TRAJ34,TRAC,True,True,CAYRSALADKLIF,TGTGCTTATAGGAGCGCGTTGGCCGACAAGCTCATCTTT,50482,13
clonotype319,clonotype319_consensus_3,514,TRA,TRAV17,None,TRAJ57,TRAC,True,True,CATATSGGSEKLVF,TGTGCTACGGCGACGAGCGGCGGATCTGAAAAGCTGGTCTTT,11784,4
clonotype31,clonotype31_consensus_1,515,TRB,TRBV4-1,None,TRBJ1-1,TRBC1,True,True,CASSQGQVVVEAFF,TGCGCCAGCAGCCAAGGACAGGTAGTGGTTGAAGCTTTCTTT,32964,7
clonotype320,clonotype320_consensus_1,519,TRB,TRBV6-7,None,TRBJ2-2,TRBC2,True,True,CASSSGNGRDTGELFF,TGTGCCAGCAGTTCGGGGAACGGGCGTGACACCGGGGAGCTGTTTTTT,48360,13
clonotype320,clonotype320_consensus_2,532,TRA,TRAV12-2,None,TRAJ45,TRAC,True,True,CAVRRSGGGADGLTF,TGTGCCGTGCGGCGGTCAGGAGGAGGTGCTGACGGACTCACCTTT,4990,1
clonotype320,clonotype320_consensus_3,506,TRB,TRBV18,None,TRBJ1-2,TRBC1,True,True,CASSPVQDGYTF,TGTGCCAGCTCACCAGTACAGGATGGCTACACCTTC,23316,5
clonotype321,clonotype321_consensus_1,526,TRA,TRAV12-2,None,TRAJ30,TRAC,True,True,CAVEIIF,TGTGCCGTGGAGATCATCTTT,22378,4
clonotype321,clonotype321_consensus_2,510,TRA,TRAV26-2,None,TRAJ49,TRAC,True,True,CILRRTGNQFYF,TGCATCCTGAGACGCACCGGTAACCAGTTCTATTTT,24428,4
clonotype321,clonotype321_consensus_3,483,TRB,TRBV25-1,None,TRBJ1-5,TRBC1,True,True,CASSEGQGAGQPQHF,TGTGCCAGCAGTGAGGGACAGGGGGCCGGGCAGCCCCAGCATTTT,14142,7
clonotype322,clonotype322_consensus_1,522,TRB,TRBV6-4,None,TRBJ2-3,TRBC2,True,True,CASSKSGGSTDTQYF,TGTGCCAGCAGTAAAAGCGGGGGAAGCACAGATACGCAGTATTTT,36194,6
clonotype322,clonotype322_consensus_2,505,TRA,TRAV1-2,None,TRAJ33,TRAC,True,True,CAVMDSNYQLIW,TGTGCTGTGATGGATAGCAACTATCAGTTAATCTGG,13546,2
clonotype323,clonotype323_consensus_1,524,TRB,TRBV6-2,None,TRBJ1-1,TRBC1,True,True,CASRIIRRGMGSTEAFF,TGTGCCAGCAGAATCATCCGGAGAGGAATGGGTAGTACTGAAGCTTTCTTT,20528,4
clonotype323,clonotype323_consensus_2,454,TRA,TRAV25,None,TRAJ21,TRAC,True,True,CAGRSGFYF,TGTGCAGGGCGGTCTGGATTTTACTTT,9636,2
clonotype324,clonotype324_consensus_1,527,TRB,TRBV7-9,None,TRBJ1-2,TRBC1,True,True,CASSSLSQGGYTF,TGTGCCAGCAGCTCCCTTTCACAGGGGGGCTACACCTTC,37596,11
clonotype324,clonotype324_consensus_2,542,TRA,TRAV5,None,TRAJ20,TRAC,True,True,CAETLGLSF,TGTGCAGAGACCCTTGGGCTCAGCTTT,14732,4
clonotype325,clonotype325_consensus_1,510,TRB,TRBV5-5,None,TRBJ1-3,TRBC1,True,True,CASSLTRGGNTIYF,TGTGCCAGCAGCTTGACGAGGGGCGGAAACACCATATATTTT,22128,9
clonotype325,clonotype325_consensus_2,503,TRA,TRAV38-2/DV8,None,TRAJ42,TRAC,True,True,CASPGVNYGGSQGNLIF,TGTGCTTCCCCGGGGGTTAATTATGGAGGAAGCCAAGGAAATCTCATCTTT,28206,4
clonotype326,clonotype326_consensus_1,493,TRB,TRBV9,None,TRBJ1-2,TRBC1,True,True,CASSVARDYGYTF,TGTGCCAGCAGCGTAGCCAGGGACTATGGCTACACCTTC,3174,2
clonotype326,clonotype326_consensus_2,553,TRA,TRAV12-2,None,TRAJ45,TRAC,True,True,CAVTMYSGGGADGLTF,TGTGCCGTGACTATGTATTCAGGAGGAGGTGCTGACGGACTCACCTTT,10024,2
clonotype327,clonotype327_consensus_1,508,TRB,TRBV7-2,None,TRBJ2-1,TRBC2,True,True,CASSSSGYRTEYNEQFF,TGTGCCAGCAGCTCTTCGGGATACCGCACTGAATACAATGAGCAGTTCTTC,33672,9
clonotype327,clonotype327_consensus_2,489,TRA,TRAV9-2,None,TRAJ40,TRAC,True,True,CAPDSGTYKYIF,TGTGCTCCCGACTCAGGAACCTACAAATACATCTTT,8326,1
clonotype327,clonotype327_consensus_3,504,TRA,TRAV26-1,None,TRAJ42,TRAC,True,True,CIVRARGSQGNLIF,TGCATCGTCAGAGCCCGAGGAAGCCAAGGAAATCTCATCTTT,7980,1
clonotype328,clonotype328_consensus_1,502,TRA,TRAV1-2,None,TRAJ20,TRAC,True,True,CVPSNDYKLSF,TGTGTTCCATCTAACGACTACAAGCTCAGCTTT,35020,5
clonotype328,clonotype328_consensus_2,495,TRB,TRBV4-1,None,TRBJ1-3,TRBC1,True,True,CASSQESSNSGNTIYF,TGCGCCAGCAGCCAAGAGTCGTCAAACTCTGGAAACACCATATATTTT,16458,5
clonotype329,clonotype329_consensus_1,512,TRB,TRBV20-1,None,TRBJ2-7,TRBC2,True,True,CSASQSPSEYF,TGCAGTGCTAGTCAGAGTCCGTCGGAGTACTTC,62902,17
clonotype329,clonotype329_consensus_2,495,TRA,TRAV24,None,TRAJ32,TRAC,True,True,CAFRYGGATNKLIF,TGTGCCTTTAGGTATGGTGGTGCTACAAACAAGCTCATCTTT,11586,2
clonotype32,clonotype32_consensus_1,552,TRA,TRAV38-1,None,TRAJ54,TRAC,True,True,CAFGQGAQKLVF,TGTGCTTTCGGTCAGGGAGCCCAGAAGCTGGTATTT,31526,8
clonotype32,clonotype32_consensus_2,548,TRB,TRBV7-9,None,TRBJ2-2,TRBC2,True,True,CASSPEGGLANTGELFF,TGTGCCAGCAGCCCCGAGGGGGGGCTGGCGAACACCGGGGAGCTGTTTTTT,102894,32
clonotype330,clonotype330_consensus_1,518,TRA,TRAV39,None,TRAJ20,TRAC,True,True,CAVEVEGDYKLSF,TGTGCCGTGGAAGTTGAGGGCGACTACAAGCTCAGCTTT,21244,2
clonotype331,clonotype331_consensus_1,605,TRA,TRAV12-1,None,TRAJ49,TRAC,True,True,CVAPNTGNQFYF,TGTGTGGCTCCGAACACCGGTAACCAGTTCTATTTT,19870,4
clonotype331,clonotype331_consensus_2,487,TRB,TRBV5-1,None,TRBJ2-3,TRBC2,True,True,CASSLERGWGDTQYF,TGCGCCAGCAGCTTGGAGCGGGGGTGGGGAGATACGCAGTATTTT,29538,12
clonotype332,clonotype332_consensus_1,475,TRA,TRAV12-3,None,TRAJ28,TRAC,True,True,CLYSGAGSYQLTF,TGTTTATACTCTGGGGCTGGGAGTTACCAACTCACTTTC,15648,2
clonotype332,clonotype332_consensus_2,710,TRA,TRAV8-3,None,TRAJ40,TRAC,True,True,CAVGSGTYKYIF,TGTGCTGTGGGGTCAGGAACCTACAAATACATCTTT,26968,4
clonotype332,clonotype332_consensus_3,499,TRB,TRBV20-1,None,TRBJ2-7,TRBC2,True,True,CSASLPTYEQYF,TGCAGTGCTAGTCTACCTACGTACGAGCAGTACTTC,30458,8
clonotype333,clonotype333_consensus_1,511,TRB,TRBV7-9,None,TRBJ1-1,TRBC1,True,True,CASSGDRYNTEAFF,TGTGCCAGCAGCGGCGACAGGTATAACACTGAAGCTTTCTTT,16644,5
clonotype333,clonotype333_consensus_2,451,TRA,TRAV2,None,TRAJ6,TRAC,True,True,CAVEDQKGGSYIPTF,TGTGCTGTGGAGGATCAGAAAGGAGGAAGCTACATACCTACATTT,18432,3
clonotype334,clonotype334_consensus_1,665,TRA,TRAV8-6,None,TRAJ4,TRAC,True,True,CAVSGSIGGYNKLIF,TGTGCTGTGAGTGGATCCATTGGTGGCTACAATAAGCTGATTTTT,22960,5
clonotype334,clonotype334_consensus_2,531,TRB,TRBV7-9,None,TRBJ2-5,TRBC2,True,True,CASSLLNQETQYF,TGTGCCAGCAGCTTATTAAACCAAGAGACCCAGTACTTC,41502,11
clonotype335,clonotype335_consensus_1,512,TRA,TRAV27,None,TRAJ52,TRAC,True,True,CAVSGTSYGKLTF,TGTGCAGTCTCGGGTACTAGCTATGGAAAGCTGACATTT,1192,2
clonotype335,clonotype335_consensus_2,490,TRB,TRBV5-1,None,TRBJ2-3,TRBC2,True,True,CASSLEDTQYF,TGCGCCAGCAGCTTGGAAGATACGCAGTATTTT,59604,17
clonotype336,clonotype336_consensus_1,517,TRB,TRBV12-3,None,TRBJ1-1,TRBC1,True,True,CASRRGGDLNTEAFF,TGTGCCAGCAGGCGGGGTGGAGATCTGAACACTGAAGCTTTCTTT,55778,29
clonotype336,clonotype336_consensus_2,520,TRA,TRAV29/DV5,None,TRAJ32,TRAC,True,True,CAASLLYGGATNKLIF,TGTGCAGCAAGCCTCCTTTATGGTGGTGCTACAAACAAGCTCATCTTT,11674,7
clonotype337,clonotype337_consensus_1,499,TRB,TRBV7-2,None,TRBJ1-5,TRBC1,True,True,CASSLDGSNQPQHF,TGTGCCAGCAGCTTGGACGGCAGCAATCAGCCCCAGCATTTT,50764,9
clonotype337,clonotype337_consensus_2,659,TRA,TRAV8-6,None,TRAJ8,TRAC,True,True,CAVSDSGFQKLVF,TGTGCTGTGAGTGATTCGGGCTTTCAGAAACTTGTATTT,18946,5
clonotype338,clonotype338_consensus_1,508,TRA,TRAV23/DV6,None,TRAJ49,TRAC,True,True,CAASVNTGNQFYF,TGTGCAGCAAGCGTAAACACCGGTAACCAGTTCTATTTT,9642,4
clonotype338,clonotype338_consensus_2,474,TRB,TRBV5-1,None,TRBJ2-1,TRBC2,True,True,CASSPPSAEQFF,TGCGCCAGCAGCCCGCCCTCGGCGGAGCAGTTCTTC,46156,12
clonotype339,clonotype339_consensus_1,560,TRA,TRAV26-2,None,TRAJ28,TRAC,True,True,CIPSYSGAGSYQLTF,TGCATCCCATCATACTCTGGGGCTGGGAGTTACCAACTCACTTTC,10486,1
clonotype339,clonotype339_consensus_2,539,TRB,TRBV13,None,TRBJ2-2,TRBC2,True,True,CASSLFTGDLAGSSGELFF,TGTGCCAGCAGCCTCTTTACGGGCGACCTAGCGGGGTCTTCCGGGGAGCTGTTTTTT,32280,8
clonotype33,clonotype33_consensus_1,524,TRB,TRBV20-1,None,TRBJ2-5,TRBC2,True,True,CSARHGGGLEETQYF,TGCAGTGCTAGACATGGCGGGGGCCTCGAGGAGACCCAGTACTTC,51806,14
clonotype33,clonotype33_consensus_2,559,TRA,TRAV29/DV5,None,TRAJ43,TRAC,True,True,CAAKGVSMRF,TGTGCAGCAAAGGGGGTATCCATGCGCTTT,33512,7
clonotype33,clonotype33_consensus_3,495,TRA,TRAV12-3,None,TRAJ24,TRAC,True,True,CAITDSWGKLQF,TGTGCTATCACTGACAGCTGGGGGAAATTGCAGTTT,57528,11
clonotype340,clonotype340_consensus_1,479,TRB,TRBV10-3,None,TRBJ1-6,TRBC1,True,True,CAISEGSGTGGSPLHF,TGTGCCATCAGTGAGGGAAGTGGGACAGGGGGTTCACCCCTCCACTTT,57418,12
clonotype340,clonotype340_consensus_2,489,TRA,TRAV9-2,None,TRAJ12,TRAC,True,True,CALMDSSYKLIF,TGTGCTCTGATGGATAGCAGCTATAAATTGATCTTC,12210,4
clonotype341,clonotype341_consensus_1,453,TRA,TRAV9-2,None,TRAJ49,TRAC,True,True,CALSSPGSGNQFYF,TGTGCTCTGAGTTCCCCCGGTTCGGGTAACCAGTTCTATTTT,17994,3
clonotype341,clonotype341_consensus_2,514,TRB,TRBV5-1,None,TRBJ1-4,TRBC1,True,True,CASSLEGQFYEKLFF,TGCGCCAGCAGCTTGGAAGGCCAGTTTTATGAAAAACTGTTTTTT,41634,7
clonotype342,clonotype342_consensus_1,496,TRA,TRAV23/DV6,None,TRAJ22,TRAC,True,True,CAASPELTF,TGTGCAGCAAGCCCCGAACTGACCTTT,27678,5
clonotype342,clonotype342_consensus_2,495,TRB,TRBV6-2,None,TRBJ1-2,TRBC1,True,True,CASSYVGYGYTF,TGTGCCAGCAGTTACGTGGGGTATGGCTACACCTTC,10236,5
clonotype343,clonotype343_consensus_1,766,TRA,TRAV8-3,None,TRAJ47,TRAC,True,True,CAVGAKEYGNKLVF,TGTGCTGTGGGTGCGAAGGAATATGGAAACAAACTGGTCTTT,9996,2
clonotype343,clonotype343_consensus_2,533,TRB,TRBV7-9,None,TRBJ2-7,TRBC2,True,True,CASSLDDRTASF,TGTGCCAGCAGCTTAGATGACAGGACAGCGTCCTTC,47088,8
clonotype344,clonotype344_consensus_1,589,TRB,TRBV19,None,TRBJ2-4,None,True,True,CASSPGGAKRYF,TGTGCCAGTAGTCCGGGGGGGGCCAAGAGGTACTTC,5798,1
clonotype344,clonotype344_consensus_2,503,TRA,TRAV25,None,TRAJ34,TRAC,True,True,CAGRHNTDKLIF,TGTGCAGGACGTCATAACACCGACAAGCTCATCTTT,15956,3
clonotype345,clonotype345_consensus_1,488,TRB,TRBV24-1,None,TRBJ2-1,TRBC2,True,True,CATSPGQGVNNEQFF,TGTGCCACCAGTCCGGGACAGGGGGTAAACAATGAGCAGTTCTTC,18326,4
clonotype346,clonotype346_consensus_1,530,TRA,TRAV27,None,TRAJ44,TRAC,True,True,CAGARTGTASKLTF,TGTGCAGGAGCACGGACCGGCACTGCCAGTAAACTCACCTTT,42462,13
clonotype346,clonotype346_consensus_2,530,TRB,TRBV20-1,None,TRBJ2-5,TRBC2,True,True,CSALMGAGWGLGETQYF,TGCAGTGCCCTAATGGGGGCAGGGTGGGGATTGGGGGAGACCCAGTACTTC,35224,13
clonotype347,clonotype347_consensus_1,632,TRB,TRBV19,None,TRBJ1-5,TRBC1,True,True,CASSIVPLNQPQHF,TGTGCCAGTAGTATAGTCCCTCTCAATCAGCCCCAGCATTTT,10394,14
clonotype347,clonotype347_consensus_2,503,TRA,TRAV25,None,TRAJ34,TRAC,True,True,CAGRHNTDKLIF,TGTGCAGGACGTCATAACACCGACAAGCTCATCTTT,788,18
clonotype34,clonotype34_consensus_1,488,TRA,TRAV34,None,TRAJ39,TRAC,True,True,CGAVPDNNAGNMLTF,TGTGGAGCAGTTCCTGATAATAATGCAGGCAACATGCTCACCTTT,28386,7
clonotype34,clonotype34_consensus_2,496,TRB,TRBV7-9,None,TRBJ1-5,TRBC1,True,True,CASSPYSNQPQHF,TGTGCCAGCAGCCCATATAGCAATCAGCCCCAGCATTTT,67442,20
clonotype35,clonotype35_consensus_1,485,TRB,TRBV20-1,None,TRBJ1-2,TRBC1,True,True,CSASPSWTGASIPYGYTF,TGCAGTGCAAGCCCCTCCTGGACAGGGGCATCTATTCCTTATGGCTACACCTTC,28598,7
clonotype35,clonotype35_consensus_2,516,TRA,TRAV21,None,TRAJ50,TRAC,True,True,CAVPGDKVIF,TGTGCTGTTCCAGGGGACAAGGTGATATTT,19776,3
clonotype36,clonotype36_consensus_1,623,TRA,TRAV41,None,TRAJ42,TRAC,True,True,CAGINYGGSQGNLIF,TGTGCTGGGATTAATTATGGAGGAAGCCAAGGAAATCTCATCTTT,27698,4
clonotype37,clonotype37_consensus_1,632,TRB,TRBV19,None,TRBJ1-1,TRBC1,True,True,CASSKTGVDTEAFF,TGTGCCAGTAGTAAGACAGGGGTCGACACTGAAGCTTTCTTT,23928,9
clonotype38,clonotype38_consensus_1,483,TRA,TRAV9-2,None,TRAJ48,TRAC,True,True,CALGRGNEKLTF,TGTGCTCTCGGTCGGGGAAATGAGAAATTAACCTTT,2798,3
clonotype38,clonotype38_consensus_2,562,TRA,TRAV19,None,TRAJ40,TRAC,True,True,CALSEEGTYKYIF,TGTGCTCTGAGTGAGGAAGGAACCTACAAATACATCTTT,10210,5
clonotype38,clonotype38_consensus_3,508,TRB,TRBV9,None,TRBJ2-1,TRBC2,True,True,CASSVGAGGTIPYNEQFF,TGTGCCAGCAGCGTGGGAGCGGGGGGGACAATCCCTTACAATGAGCAGTTCTTC,22538,11
clonotype38,clonotype38_consensus_4,508,TRB,TRBV12-4,None,TRBJ1-2,TRBC1,True,True,CASSTDRNYGYTF,TGTGCCAGCAGTACGGACAGGAACTATGGCTACACCTTC,18020,8
clonotype39,clonotype39_consensus_1,465,TRB,TRBV7-2,None,TRBJ1-2,TRBC1,True,True,CASRVDTYGYTF,TGTGCCAGCAGGGTCGACACATATGGCTACACCTTC,14952,2
clonotype39,clonotype39_consensus_2,455,TRA,TRAV17,None,TRAJ31,TRAC,True,True,CATDANNARLMF,TGTGCTACGGACGCCAACAATGCCAGACTCATGTTT,7708,1
clonotype3,clonotype3_consensus_1,565,TRA,TRAV19,None,TRAJ41,TRAC,True,True,CALSEADSGYALNF,TGTGCTCTGAGTGAGGCTGATTCCGGGTATGCACTCAACTTC,73968,17
clonotype3,clonotype3_consensus_2,563,TRB,TRBV4-3,None,TRBJ1-2,TRBC1,True,True,CASSQEGQGRYGYTF,TGCGCCAGCAGCCAAGAGGGGCAGGGGCGCTATGGCTACACCTTC,214422,39
clonotype40,clonotype40_consensus_1,501,TRB,TRBV12-3,None,TRBJ2-7,TRBC2,True,True,CASSKTGAYEQYF,TGTGCCAGCTCGAAGACGGGGGCCTACGAGCAGTACTTC,24810,4
clonotype40,clonotype40_consensus_2,506,TRB,TRBV7-9,None,TRBJ1-5,TRBC1,True,True,CASSPYSNQPQHF,TGTGCCAGCAGCCCATATAGCAATCAGCCCCAGCATTTT,47736,9
clonotype41,clonotype41_consensus_1,644,TRB,TRBV5-4,None,TRBJ1-5,TRBC1,True,True,CASSSSGQPQHF,TGTGCCAGCAGCTCATCAGGGCAGCCCCAGCATTTT,39350,7
clonotype42,clonotype42_consensus_1,494,TRA,TRAV17,None,TRAJ27,TRAC,True,True,CVFNTNAGKSTF,TGTGTCTTCAACACCAATGCAGGCAAATCAACCTTT,17432,2
clonotype42,clonotype42_consensus_2,502,TRB,TRBV6-5,None,TRBJ1-3,TRBC1,True,True,CASRATGLPGNTIYF,TGTGCCAGCAGAGCCACAGGGCTCCCTGGAAACACCATATATTTT,36268,5
clonotype43,clonotype43_consensus_1,530,TRA,TRAV17,None,TRAJ32,TRAC,True,True,CATDATGATNKLIF,TGTGCTACGGACGCGACAGGTGCTACAAACAAGCTCATCTTT,21926,3
clonotype43,clonotype43_consensus_2,518,TRB,TRBV6-5,None,TRBJ1-2,TRBC1,True,True,CASSKGTGGRDGYTF,TGTGCCAGCAGTAAAGGGACAGGGGGTCGGGATGGCTACACCTTC,42456,13
clonotype44,clonotype44_consensus_1,613,TRA,TRAV8-6,None,TRAJ32,TRAC,True,True,CAVSDPGGATNKLIF,TGTGCTGTGAGTGATCCAGGTGGTGCTACAAACAAGCTCATCTTT,23338,8
clonotype44,clonotype44_consensus_2,688,TRB,TRBV5-6,None,TRBJ2-3,TRBC2,True,True,CASSFTSGVLSSADTQYF,TGTGCCAGCAGCTTCACTAGCGGGGTCCTCTCTTCGGCAGATACGCAGTATTTT,50738,12
clonotype45,clonotype45_consensus_1,573,TRA,TRAV8-4,None,TRAJ28,TRAC,True,True,CAVRASGAGSYQLTF,TGTGCTGTGAGGGCCTCTGGGGCTGGGAGTTACCAACTCACTTTC,12094,3
clonotype45,clonotype45_consensus_2,487,TRB,TRBV4-2,None,TRBJ1-2,TRBC1,True,True,CASSQDPPGQINYGYTF,TGTGCCAGCAGCCAAGATCCTCCGGGACAGATTAACTATGGCTACACCTTC,38474,9
clonotype46,clonotype46_consensus_1,521,TRB,TRBV6-5,None,TRBJ2-7,TRBC2,True,True,CASSYARTGGFYEQYF,TGTGCCAGCAGTTACGCCAGGACAGGGGGCTTCTACGAGCAGTACTTC,61694,18
clonotype46,clonotype46_consensus_2,558,TRA,TRAV12-1,None,TRAJ26,TRAC,True,True,CVVQNLNYGQNFVF,TGTGTGGTGCAAAACCTTAACTATGGTCAGAATTTTGTCTTT,13638,4
clonotype47,clonotype47_consensus_1,476,TRB,TRBV10-3,None,TRBJ2-5,TRBC2,True,True,CAISEPGQPEETQYF,TGTGCCATCAGTGAACCCGGACAGCCGGAGGAGACCCAGTACTTC,48468,10
clonotype48,clonotype48_consensus_1,481,TRB,TRBV5-1,None,TRBJ2-7,TRBC2,True,True,CASSLAGGYEQYF,TGCGCCAGCAGCTTGGCCGGGGGGTACGAGCAGTACTTC,26684,6
clonotype49,clonotype49_consensus_1,511,TRA,TRAV20,None,TRAJ23,TRAC,True,True,CAVQRDYNQGGKLIF,TGTGCTGTGCAAAGAGATTATAACCAGGGAGGAAAGCTTATCTTC,14740,4
clonotype49,clonotype49_consensus_2,479,TRB,TRBV27,None,TRBJ1-1,TRBC1,True,True,CASSLGGAGTEAFF,TGTGCCAGCAGTTTAGGAGGGGCGGGAACTGAAGCTTTCTTT,22444,5
clonotype4,clonotype4_consensus_1,566,TRB,TRBV4-3,None,TRBJ1-5,TRBC1,True,True,CASSQGVGQGGQPQHF,TGCGCCAGCAGCCAAGGAGTGGGACAGGGCGGTCAGCCCCAGCATTTT,212854,74
clonotype50,clonotype50_consensus_1,499,TRB,TRBV7-2,None,TRBJ2-5,TRBC2,True,True,CASSLGSTIETQYF,TGTGCCAGCAGCTTAGGTAGCACAATAGAGACCCAGTACTTC,35382,6
clonotype51,clonotype51_consensus_1,906,TRB,TRBV4-1,None,TRBJ2-1,TRBC2,True,True,CASSPRDPVLDEQFF,TGCGCCAGCAGCCCCCGGGACCCCGTTTTGGATGAGCAGTTCTTC,29674,6
clonotype51,clonotype51_consensus_2,462,TRA,TRAV13-1,None,TRAJ41,TRAC,True,True,CAAKESNSGYALNF,TGTGCAGCAAAGGAATCAAATTCCGGGTATGCACTCAACTTC,11028,4
clonotype52,clonotype52_consensus_1,564,TRA,TRAV8-4,None,TRAJ8,TRAC,True,True,CAVSVGFQKLVF,TGTGCTGTGAGTGTAGGCTTTCAGAAACTTGTATTT,19306,6
clonotype52,clonotype52_consensus_2,527,TRB,TRBV6-5,None,TRBJ2-2,TRBC2,True,True,CASSATQTGARGTGELFF,TGTGCCAGCAGTGCTACCCAGACAGGGGCGAGGGGCACCGGGGAGCTGTTTTTT,24182,8
clonotype53,clonotype53_consensus_1,480,TRA,TRAV38-1,None,TRAJ29,TRAC,True,True,CAFMKTTSGNTPLVF,TGTGCTTTCATGAAGACGACATCAGGAAACACACCTCTTGTCTTT,2620,1
clonotype53,clonotype53_consensus_2,472,TRB,TRBV2,None,TRBJ2-1,TRBC2,True,True,CASRSRDRDEQFF,TGTGCCAGCAGGTCCCGGGACAGAGATGAGCAGTTCTTC,23994,6
clonotype54,clonotype54_consensus_1,690,TRA,TRAV8-3,None,TRAJ38,TRAC,True,True,CAVGGAGNNRKLIW,TGTGCTGTGGGTGGTGCTGGCAACAACCGTAAGCTGATTTGG,13258,3
clonotype54,clonotype54_consensus_2,661,TRB,TRBV5-6,None,TRBJ2-7,TRBC2,True,True,CASSFRGTGGSYEQYF,TGTGCCAGCAGCTTTCGGGGGACAGGGGGTTCCTACGAGCAGTACTTC,25716,5
clonotype55,clonotype55_consensus_1,561,TRB,TRBV30,None,TRBJ1-6,TRBC1,True,True,CAWGGRLSSNNSPLHF,TGTGCCTGGGGGGGCAGGCTATCGTCAAATAATTCACCCCTCCACTTT,13766,3
clonotype55,clonotype55_consensus_2,532,TRA,TRAV5,None,TRAJ23,TRAC,True,True,CAEGTGYNQGGKLIF,TGTGCAGAGGGAACCGGGTATAACCAGGGAGGAAAGCTTATCTTC,11732,2
clonotype56,clonotype56_consensus_1,521,TRA,TRAV17,None,TRAJ32,TRAC,True,True,CATDAYGGATNKLIF,TGTGCTACGGATGCATATGGTGGTGCTACAAACAAGCTCATCTTT,19880,5
clonotype56,clonotype56_consensus_2,470,TRB,TRBV10-3,None,TRBJ2-1,TRBC2,True,True,CAISTQTSNEQFF,TGTGCCATCAGTACCCAGACTAGCAATGAGCAGTTCTTC,34732,15
clonotype57,clonotype57_consensus_1,502,TRB,TRBV7-9,None,TRBJ1-1,TRBC1,True,True,CASSLGDRIDTEAFF,TGTGCCAGCAGCTTAGGTGATCGTATAGACACTGAAGCTTTCTTT,32712,13
clonotype57,clonotype57_consensus_2,539,TRB,TRBV18,None,TRBJ1-3,TRBC1,True,True,CASSGGPPSSGNTIYF,TGTGCCAGCTCCGGGGGGCCCCCGAGCTCTGGAAACACCATATATTTT,30116,12
clonotype57,clonotype57_consensus_3,599,TRA,TRAV36/DV7,None,TRAJ35,TRAC,True,True,CAVLIGFGNVLHC,TGTGCTGTCCTGATAGGCTTTGGGAATGTGCTGCATTGC,6792,3
clonotype58,clonotype58_consensus_1,487,TRB,TRBV6-2,None,TRBJ2-1,TRBC2,True,True,CASSYGGTGNEQFF,TGTGCCAGCAGTTACGGGGGTACAGGAAATGAGCAGTTCTTC,22778,3
clonotype59,clonotype59_consensus_1,502,TRB,TRBV7-2,None,TRBJ1-5,TRBC1,True,True,CASSAGRISNQPQHF,TGTGCCAGCAGCGCCGGACGGATTAGCAATCAGCCCCAGCATTTT,36644,12
clonotype59,clonotype59_consensus_2,494,TRA,TRAV38-2/DV8,None,TRAJ30,TRAC,True,True,CAYRSMNRDDKIIF,TGTGCTTATAGGAGCATGAACAGAGATGACAAGATCATCTTT,37804,7
clonotype5,clonotype5_consensus_1,497,TRA,TRAV38-2/DV8,None,TRAJ29,TRAC,True,True,CAYRSSYSGNTPLVF,TGTGCTTATAGGAGCTCCTATTCAGGAAACACACCTCTTGTCTTT,79702,13
clonotype5,clonotype5_consensus_2,511,TRB,TRBV3-1,None,TRBJ2-1,TRBC2,True,True,CASSRRLAGGSPVLHRQFF,TGTGCCAGCAGCCGACGACTAGCGGGGGGGTCCCCCGTACTACATCGGCAGTTCTTC,145278,31
clonotype60,clonotype60_consensus_1,511,TRA,TRAV20,None,TRAJ58,TRAC,True,True,CAVQAEETSGSRLTF,TGTGCTGTGCAGGCGGAGGAAACCAGTGGCTCTAGGTTGACCTTT,14888,6
clonotype60,clonotype60_consensus_2,503,TRB,TRBV6-1,None,TRBJ2-2,TRBC2,True,True,CASDRGNTGELFF,TGTGCCAGCGACCGGGGAAACACCGGGGAGCTGTTTTTT,57798,25
clonotype61,clonotype61_consensus_1,499,TRB,TRBV9,None,TRBJ2-1,TRBC2,True,True,CASSFSSGGRNEQFF,TGTGCCAGCAGCTTCAGTAGCGGGGGGCGGAATGAGCAGTTCTTC,17000,3
clonotype62,clonotype62_consensus_1,483,TRB,TRBV5-1,None,TRBJ2-3,TRBC2,True,True,CASSLARRGTDTQYF,TGCGCCAGCAGCTTGGCCCGGAGGGGTACAGATACGCAGTATTTT,37644,8
clonotype62,clonotype62_consensus_2,561,TRA,TRAV8-4,None,TRAJ43,TRAC,True,True,CAVSGQNDMRF,TGTGCTGTGAGTGGTCAAAATGACATGCGCTTT,40144,10
clonotype63,clonotype63_consensus_1,464,TRB,TRBV10-3,None,TRBJ1-1,TRBC1,True,True,CAMSTGTEAFF,TGTGCCATGTCGACAGGCACTGAAGCTTTCTTT,26302,5
clonotype63,clonotype63_consensus_2,516,TRA,TRAV38-1,None,TRAJ56,TRAC,True,True,CAFMSGANSKLTF,TGTGCTTTCATGTCTGGAGCCAATAGTAAGCTGACATTT,3338,1
clonotype64,clonotype64_consensus_1,635,TRB,TRBV19,None,TRBJ2-1,TRBC2,True,True,CASSWDSSSYNEQFF,TGTGCCAGTAGCTGGGACTCTAGCTCCTACAATGAGCAGTTCTTC,21958,10
clonotype65,clonotype65_consensus_1,465,TRA,TRAV13-1,None,TRAJ40,TRAC,True,True,CAASNFPSGTYKYIF,TGTGCAGCAAGCAACTTCCCCTCAGGAACCTACAAATACATCTTT,34506,5
clonotype65,clonotype65_consensus_2,487,TRB,TRBV9,None,TRBJ2-5,TRBC2,True,True,CASSTRGGGETQYF,TGTGCCAGCAGCACAAGGGGGGGAGGAGAGACCCAGTACTTC,23630,8
clonotype66,clonotype66_consensus_1,482,TRA,TRAV35,None,TRAJ18,TRAC,True,True,CAGVDRGSTLGRLYF,TGTGCTGGTGTCGACAGAGGCTCAACCCTGGGGAGGCTATACTTT,10936,2
clonotype66,clonotype66_consensus_2,520,TRB,TRBV15,None,TRBJ1-1,TRBC1,True,True,CATRSQNTEAFF,TGTGCCACCAGGTCACAGAACACTGAAGCTTTCTTT,7164,4
clonotype67,clonotype67_consensus_1,518,TRB,TRBV20-1,None,TRBJ1-4,TRBC1,True,True,CSAAVRGNEKLFF,TGCAGTGCTGCCGTCCGCGGTAATGAAAAACTGTTTTTT,47562,10
clonotype68,clonotype68_consensus_1,509,TRB,TRBV6-1,None,TRBJ1-6,TRBC1,True,True,CASSGGAGTNSPLHF,TGTGCCAGCAGTGGAGGGGCAGGAACTAATTCACCCCTCCACTTT,12242,2
clonotype69,clonotype69_consensus_1,505,TRB,TRBV7-2,None,TRBJ1-1,TRBC1,True,True,CASSVEGQGLNTEAFF,TGTGCCAGCAGTGTGGAGGGACAGGGTTTGAACACTGAAGCTTTCTTT,71106,14
clonotype6,clonotype6_consensus_1,479,TRB,TRBV4-3,None,TRBJ2-7,TRBC2,True,True,CASSQERWNEQYF,TGCGCCAGCAGCCAAGAACGATGGAACGAGCAGTACTTC,180518,42
clonotype6,clonotype6_consensus_2,516,TRA,TRAV24,None,TRAJ32,TRAC,True,True,CALFDGATNKLIF,TGTGCCTTATTCGACGGTGCTACAAACAAGCTCATCTTT,46852,9
clonotype70,clonotype70_consensus_1,508,TRA,TRAV20,None,TRAJ40,TRAC,True,True,CAVQNFSGTYKYIF,TGTGCTGTGCAGAATTTCTCAGGAACCTACAAATACATCTTT,12322,3
clonotype70,clonotype70_consensus_2,473,TRB,TRBV15,None,TRBJ1-2,TRBC1,True,True,CATRGSADYGYTF,TGTGCCACCAGGGGGTCGGCGGACTATGGCTACACCTTC,29574,6
clonotype71,clonotype71_consensus_1,485,TRA,TRAV24,None,TRAJ33,TRAC,True,True,CASASSDSNYQLIW,TGTGCCTCCGCCTCTTCGGATAGCAACTATCAGTTAATCTGG,9154,1
clonotype71,clonotype71_consensus_2,467,TRB,TRBV27,None,TRBJ2-5,TRBC2,True,True,CASSAWRGETQYF,TGTGCCAGCTCCGCTTGGCGGGGTGAGACCCAGTACTTC,20862,5
clonotype72,clonotype72_consensus_1,489,TRB,TRBV6-6,None,TRBJ2-1,TRBC2,True,True,CASSSGGNEQFF,TGTGCCAGCAGTAGCGGGGGGAATGAGCAGTTCTTC,24500,5
clonotype73,clonotype73_consensus_1,510,TRB,TRBV7-9,None,TRBJ2-5,TRBC2,True,True,CASSLGVGGTEETQYF,TGTGCCAGCAGCTTAGGAGTTGGCGGGACGGAAGAGACCCAGTACTTC,23570,4
clonotype74,clonotype74_consensus_1,512,TRB,TRBV4-1,None,TRBJ2-3,TRBC2,True,True,CASSQGGTDTQYF,TGCGCCAGCAGCCAAGGTGGCACAGATACGCAGTATTTT,35810,6
clonotype74,clonotype74_consensus_2,478,TRA,TRAV35,None,TRAJ56,TRAC,True,True,CAGLRTPTTGANSKLTF,TGTGCTGGGCTTAGAACACCTACAACTGGAGCCAATAGTAAGCTGACATTT,11886,1
clonotype75,clonotype75_consensus_1,472,TRB,TRBV6-5,None,TRBJ2-2,TRBC2,True,True,CASSYSQTGTSGTGELFF,TGTGCCAGCAGTTACTCGCAAACAGGGACTAGCGGAACCGGGGAGCTGTTTTTT,13808,4
clonotype75,clonotype75_consensus_2,518,TRA,TRAV25,None,TRAJ53,TRAC,True,True,CAGPVTNSGGSNYKLTF,TGTGCAGGTCCCGTTACTAATAGTGGAGGTAGCAACTATAAACTGACATTT,6410,2
clonotype76,clonotype76_consensus_1,571,TRA,TRAV29/DV5,None,TRAJ13,TRAC,True,True,CAARAAAGYQKVTF,TGTGCAGCAAGGGCGGCAGCAGGTTACCAGAAAGTTACCTTT,43004,6
clonotype76,clonotype76_consensus_2,522,TRB,TRBV6-4,None,TRBJ2-2,TRBC2,True,True,CASSEGWPYTGELFF,TGTGCCAGCAGTGAAGGGTGGCCCTACACCGGGGAGCTGTTTTTT,24794,5
clonotype77,clonotype77_consensus_1,473,TRB,TRBV10-3,None,TRBJ2-7,TRBC2,True,True,CAISKTGGPYEQYF,TGTGCCATCAGTAAAACAGGGGGCCCCTACGAGCAGTACTTC,48428,28
clonotype77,clonotype77_consensus_2,637,TRA,TRAV12-1,None,TRAJ36,TRAC,True,True,CVVNEAETGANNLFF,TGTGTGGTGAACGAGGCCGAAACTGGGGCAAACAACCTCTTCTTT,25280,14
clonotype78,clonotype78_consensus_1,518,TRB,TRBV6-5,None,TRBJ1-4,TRBC1,True,True,CASSLGQSSHEKLFF,TGTGCCAGCAGTCTCGGACAGTCCTCTCATGAAAAACTGTTTTTT,16358,8
clonotype78,clonotype78_consensus_2,523,TRA,TRAV14/DV4,None,TRAJ9,TRAC,True,True,CAMRGRTGGFKTIF,TGTGCAATGAGAGGAAGGACTGGAGGCTTCAAAACTATCTTT,46882,14
clonotype79,clonotype79_consensus_1,502,TRB,TRBV7-2,None,TRBJ2-7,TRBC2,True,True,CASSSDSSGAYEQYF,TGTGCCAGCAGCTCTGACTCTAGCGGTGCCTACGAGCAGTACTTC,55476,22
clonotype79,clonotype79_consensus_2,606,TRA,TRAV8-6,None,TRAJ29,TRAC,True,True,CAVRKTGNTPLVF,TGTGCTGTGAGGAAGACAGGAAACACACCTCTTGTCTTT,7032,3
clonotype7,clonotype7_consensus_1,576,TRA,TRAV8-4,None,TRAJ26,TRAC,True,True,CAVIWVGDNYGQNFVF,TGTGCTGTGATTTGGGTCGGGGATAACTATGGTCAGAATTTTGTCTTT,57972,13
clonotype7,clonotype7_consensus_2,496,TRB,TRBV9,None,TRBJ2-5,TRBC2,True,True,CASSEGGPQETQYF,TGTGCCAGCAGCGAGGGGGGCCCCCAAGAGACCCAGTACTTC,125950,27
clonotype80,clonotype80_consensus_1,475,TRB,TRBV5-1,None,TRBJ2-7,TRBC2,True,True,CASSLAGGYEQYF,TGCGCCAGCAGCTTGGCCGGGGGGTACGAGCAGTACTTC,56266,11
clonotype80,clonotype80_consensus_2,476,TRA,TRAV35,None,TRAJ42,TRAC,True,True,CAGQGGSQGNLIF,TGTGCTGGGCAGGGAGGAAGCCAAGGAAATCTCATCTTT,3726,5
clonotype81,clonotype81_consensus_1,489,TRA,TRAV24,None,TRAJ26,TRAC,True,True,CAFYNYGQNFVF,TGTGCCTTTTATAACTATGGTCAGAATTTTGTCTTT,6102,1
clonotype81,clonotype81_consensus_2,487,TRB,TRBV9,None,TRBJ2-5,TRBC2,True,True,CASSEGGPQETQYF,TGTGCCAGCAGCGAGGGGGGCCCCCAAGAGACCCAGTACTTC,8530,2
clonotype82,clonotype82_consensus_1,650,TRB,TRBV5-4,None,TRBJ1-1,TRBC1,True,True,CASSPGGRNTEAFF,TGTGCCAGCAGCCCGGGAGGGAGGAACACTGAAGCTTTCTTT,22734,7
clonotype82,clonotype82_consensus_2,497,TRA,TRAV17,None,TRAJ48,TRAC,True,True,CATSPAGNEKLTF,TGTGCTACGTCCCCGGCTGGAAATGAGAAATTAACCTTT,19720,3
clonotype82,clonotype82_consensus_3,507,TRA,TRAV27,None,TRAJ41,TRAC,True,True,CAGLSNSGYALNF,TGTGCAGGCCTCTCAAATTCCGGGTATGCACTCAACTTC,9820,2
clonotype83,clonotype83_consensus_1,564,TRA,TRAV8-4,None,TRAJ47,TRAC,True,True,CAVGEYGNKLVF,TGTGCTGTGGGGGAATATGGAAACAAGCTGGTCTTT,10774,3
clonotype83,clonotype83_consensus_2,504,TRB,TRBV7-9,None,TRBJ2-2,TRBC2,True,True,CASSPRETGELFF,TGTGCCAGCAGCCCCAGGGAAACCGGGGAGCTGTTTTTT,26262,6
clonotype84,clonotype84_consensus_1,481,TRA,TRAV26-2,None,TRAJ42,TRAC,True,True,CIPRGNYGGSQGNLIF,TGCATCCCGCGCGGCAATTATGGAGGAAGCCAAGGAAATCTCATCTTT,11858,2
clonotype84,clonotype84_consensus_2,498,TRB,TRBV7-8,None,TRBJ2-5,TRBC2,True,True,CASSLETGYGETQYF,TGTGCCAGCAGCCTCGAAACGGGATATGGTGAGACCCAGTACTTC,27816,8
clonotype84,clonotype84_consensus_3,532,TRA,TRAV14/DV4,None,TRAJ52,TRAC,True,True,CAMREVTGGTSYGKLTF,TGTGCAATGAGAGAGGTTACTGGTGGTACTAGCTATGGAAAGCTGACATTT,15912,3
clonotype85,clonotype85_consensus_1,508,TRB,TRBV12-4,None,TRBJ1-1,TRBC1,True,True,CASRRGLNTEAFF,TGTGCCAGCAGGAGGGGGCTGAACACTGAAGCTTTCTTT,38354,16
clonotype85,clonotype85_consensus_2,608,TRA,TRAV8-2,None,TRAJ9,TRAC,True,True,CVVSWDTGGFKTIF,TGTGTTGTGAGTTGGGATACTGGAGGCTTCAAAACTATCTTT,16244,7
clonotype85,clonotype85_consensus_3,630,TRA,TRAV3,None,TRAJ24,TRAC,True,True,CAVRDLRATTDSWGKLQF,TGTGCTGTGAGAGACCTCCGGGCTACTACTGACAGCTGGGGGAAATTGCAGTTT,14184,5
clonotype86,clonotype86_consensus_1,565,TRA,TRAV19,None,TRAJ47,TRAC,True,True,CALSEGFGGNKLVF,TGTGCTCTGAGTGAGGGGTTTGGCGGAAACAAGCTGGTCTTT,20294,4
clonotype86,clonotype86_consensus_2,472,TRB,TRBV2,None,TRBJ1-1,TRBC1,True,True,CATTRDSRNTEAFF,TGTGCCACCACTCGGGACAGCCGGAACACTGAAGCTTTCTTT,46972,9
clonotype87,clonotype87_consensus_1,484,TRB,TRBV4-3,None,TRBJ1-5,TRBC1,True,True,CASSQGVGQGGQPQHF,TGCGCCAGCAGCCAAGGAGTGGGACAGGGCGGTCAGCCCCAGCATTTT,47890,23
clonotype87,clonotype87_consensus_2,493,TRB,TRBV5-6,None,TRBJ2-7,TRBC2,True,True,CASSFRGFTSYEQYF,TGTGCCAGCAGCTTCAGGGGGTTCACCTCCTACGAGCAGTACTTC,7488,4
clonotype87,clonotype87_consensus_3,530,TRA,TRAV27,None,TRAJ22,TRAC,True,True,CAGPISGSARQLTF,TGTGCAGGGCCCATTTCTGGTTCTGCAAGGCAACTGACCTTT,3020,2
clonotype88,clonotype88_consensus_1,574,TRA,TRAV29/DV5,None,TRAJ40,TRAC,True,True,CAASDRYSGTYKYIF,TGTGCAGCAAGCGACCGTTACTCAGGAACCTACAAATACATCTTT,6334,1
clonotype88,clonotype88_consensus_2,507,TRB,TRBV12-4,None,TRBJ1-2,TRBC1,True,True,CASSSPGFRGEGYTF,TGTGCCAGCAGCAGTCCCGGATTCAGGGGGGAAGGCTACACCTTC,11624,6
clonotype89,clonotype89_consensus_1,509,TRA,TRAV19,None,TRAJ38,TRAC,True,True,CALSPTYAGNNRKLIW,TGTGCTCTGAGCCCCACCTATGCTGGCAACAACCGTAAGCTGATTTGG,19982,3
clonotype89,clonotype89_consensus_2,544,TRB,TRBV4-1,None,TRBJ2-1,TRBC2,True,True,CASSQGAGVDNEQFF,TGCGCCAGCAGCCAAGGAGCGGGGGTCGACAATGAGCAGTTCTTC,8780,8
clonotype8,clonotype8_consensus_1,479,TRB,TRBV27,None,TRBJ1-5,TRBC1,True,True,CASSATGSYQPQHF,TGTGCCAGCAGTGCGACGGGGAGTTATCAGCCCCAGCATTTT,94194,21
clonotype8,clonotype8_consensus_2,488,TRA,TRAV38-2/DV8,None,TRAJ20,TRAC,True,True,CAYRRNDYKLSF,TGTGCTTATAGGCGTAACGACTACAAGCTCAGCTTT,82998,13
clonotype90,clonotype90_consensus_1,472,TRB,TRBV5-1,None,TRBJ1-1,TRBC1,True,True,CASSLGGAEAFF,TGCGCCAGCAGCTTGGGAGGAGCTGAAGCTTTCTTT,40984,10
clonotype91,clonotype91_consensus_1,553,TRA,TRAV12-1,None,TRAJ43,TRAC,True,True,CVADNNNDMRF,TGTGTGGCCGATAATAACAATGACATGCGCTTT,10810,3
clonotype91,clonotype91_consensus_2,507,TRB,TRBV5-1,None,TRBJ1-5,TRBC1,True,True,CASSLGPNQPQHF,TGCGCCAGCAGCCTTGGGCCCAATCAGCCCCAGCATTTT,54320,17
clonotype92,clonotype92_consensus_1,520,TRA,TRAV1-2,None,TRAJ28,TRAC,True,True,CAVRDAYSGAGSYQLTF,TGTGCTGTGAGAGATGCATACTCTGGGGCTGGGAGTTACCAACTCACTTTC,17934,2
clonotype92,clonotype92_consensus_2,489,TRB,TRBV25-1,None,TRBJ2-3,TRBC2,True,True,CASTRQGSVSDTQYF,TGTGCCAGCACCCGACAGGGGTCGGTCTCAGATACGCAGTATTTT,15370,2
clonotype93,clonotype93_consensus_1,482,TRB,TRBV10-2,None,TRBJ2-2,TRBC2,True,True,CASLSGYMVNTGELFF,TGCGCCAGCCTATCCGGTTATATGGTGAACACCGGGGAGCTGTTTTTT,30982,7
clonotype94,clonotype94_consensus_1,505,TRA,TRAV1-2,None,TRAJ33,TRAC,True,True,CASMDSNYQLIW,TGTGCCTCAATGGATAGCAACTATCAGTTAATCTGG,17832,2
clonotype94,clonotype94_consensus_2,521,TRB,TRBV20-1,None,TRBJ1-5,TRBC1,True,True,CSARDGDTKESQHF,TGCAGTGCTAGAGATGGGGACACCAAGGAGTCCCAGCATTTT,28342,7
clonotype95,clonotype95_consensus_1,504,TRB,TRBV12-3,None,TRBJ1-6,TRBC1,True,True,CATGDRRYNSPLHF,TGTGCCACCGGGGACAGGAGGTATAATTCACCCCTCCACTTT,58942,23
clonotype95,clonotype95_consensus_2,548,TRA,TRAV26-2,None,TRAJ58,TRAC,True,True,CILRDGETSGSRLTF,TGCATCCTGAGAGACGGAGAAACCAGTGGCTCTAGGTTGACCTTT,14310,3
clonotype96,clonotype96_consensus_1,535,TRA,TRAV12-2,None,TRAJ26,TRAC,True,True,CGLYGQNFVF,TGTGGCCTCTATGGTCAGAATTTTGTCTTT,17254,6
clonotype96,clonotype96_consensus_2,499,TRB,TRBV7-2,None,TRBJ1-2,TRBC1,True,True,CASSLSSREDGYTF,TGTGCCAGCAGCTTATCATCGAGGGAGGATGGCTACACCTTC,53820,22
clonotype97,clonotype97_consensus_1,516,TRB,TRBV7-9,None,TRBJ1-1,TRBC1,True,True,CASSLKQGNIGPEAFF,TGTGCCAGCAGCTTGAAACAGGGGAATATCGGCCCTGAAGCTTTCTTT,13300,3
clonotype98,clonotype98_consensus_1,526,TRA,TRAV23/DV6,None,TRAJ52,TRAC,True,True,CAATHGANAGGTSYGKLTF,TGTGCAGCAACCCACGGGGCTAATGCTGGTGGTACTAGCTATGGAAAGCTGACATTT,11382,3
clonotype99,clonotype99_consensus_1,496,TRB,TRBV5-6,None,TRBJ1-2,TRBC1,True,True,CASSFRGTDANYGYTF,TGTGCCAGCAGCTTCAGGGGAACGGACGCTAACTATGGCTACACCTTC,28578,9
clonotype99,clonotype99_consensus_2,482,TRA,TRAV21,None,TRAJ31,TRAC,True,True,CAVNVDNARLMF,TGTGCTGTGAACGTGGACAATGCCAGACTCATGTTT,46062,10
clonotype9,clonotype9_consensus_1,484,TRA,TRAV10,None,TRAJ15,TRAC,True,True,CVVSEAQQAGTALIF,TGTGTGGTGAGCGAAGCGCAACAGGCAGGAACTGCTCTGATCTTT,67374,15
clonotype9,clonotype9_consensus_2,529,TRB,TRBV6-2,None,TRBJ2-1,TRBC2,True,True,CASSYGGTGNEQFF,TGTGCCAGCAGTTACGGGGGTACAGGAAATGAGCAGTTCTTC,70682,16
